Product Name,Price,Discount,Rating,Number of Reviews
Soroo Future Long Bar DualSpeaker Multimedia Radio Blu...,813,88% off,3.9,"2,128"
"KRISONS Beatz With FM,USB,Aux and Bluettot with Free Wi...","1,619",67% off,3.6,"1,796"
etmax NANO 30 W Bluetooth Home Theatre,965,56% off,3.9,"7,048"
ZEBRONICS ZebSunshine 60 W Bluetooth Home Theatre,"2,299",34% off,3.7,"9,082"
world voice RED NANO XL 160 W Bluetooth Home Audio Spea...,972,48% off,3.6,955
CLASSIC GOLD Mini Bahubali TS1008 10 W Bluetooth Tower...,"1,215",65% off,3.6,"1,362"
TOPLUS TP810DT Stereo 35 W Bluetooth Home Theatre,"1,101",54% off,3.6,898
Vox V7171 Real 7.1 with 90 W Bluetooth Home Theatre,"2,347",53% off,3.6,"9,424"
Vemax Verve 5.0 Wireless Bluetooth Double Woofer 90W To...,"3,549",31% off,3.5,"2,173"
ZEBRONICS Zeb County 8 (ZebPSPK 50) 8 W Bluetooth Home...,699,36% off,4.1,196
ME&U partymatepro MU100 WITH 40Watt FM AUX USB BLUETOOT...,"1,382",72% off,3.9,258
ONBIZ Wireless Bluetooth Speaker with inbuilt Phone Sta...,283,81% off,3.7,14
LIMBRO home theatre 50 W Bluetooth Home Theatre,"1,373",77% off,3.5,24
etmax Nano Shark Black 35 W Bluetooth Home Audio Speake...,976,53% off,3.9,66
Blaupunkt TS120 BASS 140 W Bluetooth Tower Speaker,"8,928",55% off,3.9,64
SONY SAD40 80 W Bluetooth Home Theatre,"8,999",24% off,4.4,"45,390"
ONBIZ Wireless Bluetooth Speaker with inbuilt Phone Sta...,292,85% off,4.3,15
UIC TWR5110 70w 80 W Bluetooth Tower Speaker,"2,119",69% off,3.7,75
ZEBRONICS Zeb County 8 (ZebPSPK 50) 8 W Bluetooth Home...,699,36% off,4.1,196
CLASSIC GOLD Nothing but the best for the finest cinema...,978,48% off,3.2,109
ME&U BahuBali PartyBox WITH FM USB AUX BLUETOOTH KARAOK...,"1,345",73% off,3.9,127
delphine UBON Maharaja SP46 Wireless 10W Bluetooth Spe...,709,71% off,4.2,122
"shruthi Chanting Box sloka,Divine Voice, Pooja Chanting...",853,43% off,3.9,225
Dotsun XXuv 10inch woofer with RGB Light 3000 W Bluetoo...,"8,174",63% off,4.7,3
LIMBRO speaker with mic 50 W Bluetooth Home Theatre,"1,365",77% off,3.8,8
"FINE Gama Multimedia Tower Party Speaker With Usb, Fm, ...","1,759",56% off,3.8,68
Vemax Venue 3.0 Wireless Bluetooth 70w Tower Speaker wi...,"2,455",52% off,3.6,"1,041"
Intex ITXM BANG SUFB 78 W Bluetooth Home Theatre,"2,797",65% off,4,"32,219"
"world voice Series 4141 Black LED with 4"" Woofer & ECHO...","1,182",50% off,3.6,15
I Kall IK55 70 W Bluetooth Home Theatre,"1,994",33% off,3.9,52
Bencley HDT04 XTRIM 125 W Bluetooth Tower Speaker,"4,404",26% off,4,66
UIC 6101 Pro 80 W Bluetooth Tower Speaker,"3,213",67% off,3.9,72
"KRISONS Thunder, Tower Speaker System | Bluetooth Suppo...","2,402",39% off,3.9,623
Shivana Mini Boost 4 | Mini Speaker | Wireless Bluetoot...,299,85% off,4.1,30
Bencley HDT03 110 W Bluetooth Tower Speaker,"4,688",33% off,3.8,196
ONBIZ Wireless Bluetooth Speaker with inbuilt Phone Sta...,292,85% off,4.3,15
Maplin Vintage Retro AMO1 40 W Bluetooth Home Audio Spe...,"3,844",61% off,3.6,24
Quaranel 8H8H/K Tower Multimedia System Remote Control...,"2,763",78% off,3.7,47
ALTEC LANSING AL5004 with Karaoke 80 W Bluetooth Party...,"9,499",37% off,4,26
ZEBRONICS ZEBBT2750 RUF 60 W Bluetooth Home Theatre,"2,359",39% off,3.6,377
shemaroo Amrit Bani (Light Wood) 5 W Bluetooth Home The...,"2,799",49% off,4.6,60
TRONICA 222 republic series 30 W Bluetooth Home Theatre,"1,967",34% off,3.8,105
Clairbell NAD56GN8_Super Bass Bluetooth Wireless Porta...,442,64% off,3.3,38
GOOD FUN Mega Bass Wireless 2in1 Speaker and mic | Wate...,646,90% off,3.8,10
ultiads Premium bass Multimedia speaker 100 W Bluetooth...,"2,845",76% off,3.8,168
Blaupunkt Travelon Boom 50 W Portable Bluetooth Party S...,"13,999",10% off,3.7,45
Bencley BLKThunderbird Double Tower 150 W Bluetooth Hom...,"6,120",35% off,4,266
Shivana Mini Boost 4 | Mini Speaker | Wireless Bluetoot...,290,85% off,3.6,15
TP TROOPS Kids & Adult with Disco Ball & Wired Micropho...,640,57% off,3.8,38
NEUTON WOW King with Wired Mic and Remote 40 W Bluetoot...,"1,396",80% off,3.7,11
G2L New LED Bulb Bluetooth Speaker With RGB Light and R...,297,70% off,3.7,10
etmax BOBBY ET511 BT 90 W Bluetooth Tower Speaker,"2,178",73% off,4.2,13
YAROH Ikka CrystalClear HighFidelity (Bluetooth Speake...,430,56% off,3.8,6
TRONICA cowin 7.1 60 W Bluetooth Home Theatre,"2,765",30% off,3.5,361
"I Kall IK005 Bluetooth Tower Speaker System USB, AUX, L...","3,424",42% off,3.6,68
ME&U Musical Powerhouse TWS MODE RGB with Bluetooth Kar...,"1,373",72% off,4.6,5
UIC TWR5101 PR 120 W Bluetooth Tower Speaker,"4,101",62% off,3.7,9
"shruthi Mantra Chanting sloka/Divine Voice, Pooja Chant...",664,24% off,3.9,178
TechKiyo Mini Boost4 wireless small Bluetooth Speaker A...,339,57% off,3.7,103
Dotsun My Sound 220 W Bluetooth Home Theatre,"3,787",41% off,3.8,23
Bencley DEWO 120 W Bluetooth Tower Speaker,"5,165",39% off,4,408
GOOD FUN New Portable Bluetooth Speaker Box mini Home t...,642,89% off,3.8,8
"Boult Partybox X80 Dynamic RGB Light, 80W, Karaoke Mic,...","6,999",65% off,3.9,314
BfsTeckt Lamborghini Wireless Bluetooth Car Speaker Co...,883,41% off,3.8,9
TRONICA PS07 Premium Series 7.1 supports PenDrive FM Au...,"2,748",31% off,3.6,111
delphine SP 65 20 W Bluetooth Home Audio Speaker,"1,166",53% off,4,62
Prahar galaxy Wireless Ultra Mini Boost Series 4 Portab...,399,90% off,3.8,118
RZG Led multimedia karaoke Bluetooth Music System Home ...,"2,978",77% off,4,61
Treadmill KT125 (PORTABLE BLUETOOTH SPEAKER) Dynamic T...,410,59% off,4.1,36
TRONESLA KING 55 W Bluetooth Home Theatre,"2,066",58% off,4,64
liluns G97 Powerpact bass & stereo audio 100 W Bluetoo...,"2,824",71% off,3.4,9
"Bencley HDT04 PRO With USB, SD Card and FM Radio 115 W...","4,332",38% off,3.7,3
liluns POJH 100 W Bluetooth Tower Speaker,"2,797",78% off,3.7,590
RZW 4180 Bass Splashproof Wireless with USB | Mic | Aux...,651,83% off,3.8,131
"ERHIndia 2 Pcs 4"" Mini Woofers 35 W Bluetooth Home Audi...",367,37% off,3.7,23
SAREGAMA Carvaan Bengali 6 W Bluetooth Home Theatre,"7,490",2% off,4.5,946
TRONICA Republic Series 2.1 Bluetooth 30 W Bluetooth Ho...,"1,814",39% off,4.1,39
Yoment DJ Bluetooth Music System Home theater 100 W Blu...,"2,984",62% off,3.7,108
RZW 4180 Mini Home Theater|DJ Bass|Splashproof|Water R...,640,83% off,3.8,131
"RZG R1G8 Wireless Bluetooth Speaker With LED ,USB & FM...","1,845",81% off,4.4,7
BAGATELLE Best Offer Dual Horn Dj Sound Power boost 9 W...,458,69% off,4.2,41
Intex 4.1 Roar 4701 (301 PRO) 70 W Bluetooth Home Theat...,"3,213",50% off,3.4,97
Onix OHT 505Z 50 W Bluetooth Home Theatre,"3,162",49% off,3.8,242
"bs power Mantra Chanting sloka/Divine Voice, Pooja Chan...",602,39% off,3.7,318
"INVICTO Mini Bluetooth Wireless Speaker with Google, Al...",405,88% off,4.2,"45,778"
Zync Karaoke with wireless mic 32 W Bluetooth Home Audi...,"3,398",51% off,4.2,15
Rutashy RTY1230 70 W Bluetooth Tower Speaker,"2,882",39% off,4,509
JVC RVY80C 60 W Bluetooth Home Theatre,"8,499",50% off,3.9,48
world voice Bluetooth GREY LED Subwoofer Speaker/ECHO ...,990,50% off,3.4,74
Bencley SPICE Elite 4V09 35 W Bluetooth Home Theatre,"1,186",45% off,4,4
"shruthi Chanting Box sloka,Divine Voice, Pooja Chanting...",998,50% off,3.7,129
"FINE Alpha Multimedia Tower Party Speaker With Usb, Fm,...","1,859",49% off,3.4,26
kenvex KV2025 30 W Bluetooth Home Theatre,936,56% off,5,3
RZG R20G HiFi Bluetooth tower Speaker home theater 90...,"1,838",77% off,3.9,32
YAROH M412 (Speakers) 48 W Bluetooth Home Theatre,295,70% off,3.5,4
ZSIV Dj Havy Sound HOME SOUNDBAR Bar Studio Bluetooth S...,883,70% off,3.7,109
GUGGU DJ Box Wireless Small With Big Sound Metal Shineb...,408,59% off,3.5,23
Shivana Speaker | Wireless Bluetooth Speaker | Pocket S...,281,85% off,3.7,3
SONY SASW3 200 W Home Audio Speaker,"25,990",13% off,4.7,22
etmax OPERA 507 BT 80 W Bluetooth Tower Speaker,"1,963",60% off,3.9,132
KRISONS ULTIMA Bluetooth Speaker With Wireless Mic Home...,"2,380",52% off,3.6,352
SONY MHCV73D Party Speaker with Bluetooth Connectivity...,"52,460",12% off,4.4,76
TX FLO 19h playtime Soundbar with customizable sound s...,982,75% off,3.4,21
ZSIV SP15 HIGH BASS Soundbar Mini Wireless Speaker for ...,839,72% off,3.6,22
LIMBRO bluetooth speaker with mic 50 W Bluetooth Tower ...,"1,248",75% off,3.7,153
YAROH (Speakers) Luxury Portable ( 48 W Bluetooth Home ...,276,72% off,3.7,3
TECHLOBBY TL5 INCH R 80 W Studio Monitor,"1,535",48% off,3.6,85
"ZWOLLEX 52mm Drivers, Easy to Carry, BT for TV, Mobile,...",678,77% off,3.9,90
Clairbell DJ Box Wireless Small With Big Sound Metal Sh...,392,60% off,4,274
"ZWOLLEX Bluetooth Soundbar 2200 mAh Battery AUX, Blueto...",678,77% off,4.1,20
Musify mini home theatre system 360Â°Surround Sound wire...,649,56% off,3.7,25
"Clairbell DJ BOX Portable Thunder Sound, 1200mAh Batter...",376,62% off,3.3,13
prass WOODEN 4.1 BLK 65 W Bluetooth Home Theatre,"2,408",19% off,3.9,10
Edifier R2000DB 120 W Bluetooth Home Theatre,"24,358",6% off,4.7,17
BfsTeckt Lamborghini Wireless Bluetooth Car Speaker Co...,867,42% off,3.8,9
RECTITUDE Ws04 Amazing High Bass Speaker Subwoofer Sou...,804,38% off,5,4
Intex TWXH 13503 FMUB (Dual) 150 W Bluetooth Tower Spe...,"13,999",47% off,3.9,203
TSeries M4444BT 4.1 Channel Bluetooth Multimedia Spea...,"4,761",13% off,4.1,91
"Clairbell DJ Box 10W with FM Radio,Mic, USB Pen Drive &...",461,53% off,3.6,25
TOPLUS A51160D5 65 W Bluetooth Home Theatre,"2,103",78% off,3.4,20
RZG RR4E High Bass Dj Music System Home Theater 120 W ...,"2,847",78% off,3.3,19
Dotsun Dotsun Blaster 3600 W Bluetooth Tower Speaker,"4,191",30% off,4.1,83
Techfly K12 Speaker | Wireless Bluetooth | Karaoke Mic ...,501,74% off,3.9,"3,551"
Intex Multimedia Speaker TW 11803 FMUB (Dual) 100 W Blu...,"11,946",38% off,3.9,203
Edifier R1700BTs 66 W Bluetooth Studio Monitor,"18,827",12% off,4.9,31
Bencley NEW FRIDOBLE WITH EXTRA BASS Double Tower 120 W...,"5,047",40% off,5,5
Treadmill Quality with Super Bass 10 W Bluetooth Home T...,435,56% off,4.1,7
Prahar galaxy Mini Bluetooth Wireless Speaker with Goog...,399,88% off,4.8,9
RZG E50T Music System Home theater 120 W Bluetooth Tow...,"2,998",76% off,3.7,33
Nidhi ITA Double Tower 120 W Bluetooth Tower Speaker,"5,170",55% off,3.7,33
X4Decor Mini Boost Portable Bluetooth Speaker 4 W Bluet...,295,70% off,4.2,14
TRONICA Nano Wooden 2.0 enjoy 30 W Bluetooth Home Theat...,"1,004",49% off,3.9,34
ONBIZ Wireless Bluetooth Speaker with inbuilt Phone Sta...,288,80% off,4,22
"Snuthao Defender Bluetooth Car Speaker  Compact, Wirel...",799,20% off,4.9,11
RZW Music Bar High Power Compact Soundbar & Multiple Pl...,809,19% off,3.9,30
"Bencley USB, SD Card and FM Radio 60 W Bluetooth Tower ...","2,064",58% off,3.7,19
"RZG Q84 Tower Speaker/Home Theatre With Subwoofer, Kar...","3,265",74% off,3.5,4
Soroo Future Stereo Soundbar for Phone/TV/Laptop/Tablet...,826,83% off,4.3,4
"RZG Dj Music System Multimedia Speaker with Aux, Fm, Me...","2,978",77% off,4,135
"MSNR Soundbar voor TV met Subwoofer, Surround Sound, Do...",886,87% off,4.6,9
BfsTeckt Range Rover Wireless Bluetooth Car Speaker Com...,891,40% off,4.4,5
Gizmore GIZ 4110 50 W Bluetooth Home Theatre,"3,016",24% off,3.6,87
Bencley BLACK TUBEE ULTRA BASS 180 W Bluetooth Tower Sp...,"5,725",39% off,3.8,56
"KRISONS PartyPaL with Free Mic,Bluetooth ,50 watts 50 W...","1,650",58% off,3.9,11
RZW Dolby Atmos Soundbar 20W Bluetooth Speaker With 12H...,777,77% off,3.6,42
Bencley WLED TOWER 70 W Bluetooth Tower Speaker,"2,851",18% off,4.1,38
bogx Latest Speaker Rechargeable DJ sound Extra Bass St...,"1,176",41% off,3.8,20
Qcluellu GF Super Bass Bluetooth Wireless 50 W Bluetoot...,"1,932",80% off,4.2,6
shewon Atom705 50 W Bluetooth Home Theatre,"2,799",46% off,5,3
TOPLUS Phantom HIBASS DJ Sound 9500 W Bluetooth Home T...,"3,599",64% off,4.3,4
DAB 8 inch Speaker Woofer 200W Home Theater or Column R...,649,56% off,3.9,372
Xhimdun STOCKER8 HOME THEATRE TOWER SPEAKER 120 W Bluet...,"2,873",64% off,4.3,3
etmax Nano Shark SILVER 35 W Bluetooth Home Audio Speak...,965,53% off,4,23
Soroo Future 16Watt 5.0 Channel with HDMI & Wireless Bl...,810,88% off,3.3,7
Soroo Future Newly Launched Soundbar I 1500mAh Battery ...,760,69% off,4.4,60
Rutashy RTY1230 MINI 50 W Bluetooth Tower Speaker,"1,943",54% off,4,3
I Kall IK202 60 W Bluetooth Home Theatre,"1,928",35% off,3.7,103
DH Discovery D10 with 100 W Bluetooth Home Theatre,"2,156",30% off,3.5,139
Virtual mart india VMI7272P 180 W Bluetooth Tower Speak...,"10,020",65% off,4,9
D1Y3 led speaker high bass sound maltimedia speaker 125...,"2,957",77% off,5,3
"Bencley BENECO USB, SD Card and FM Radio 55 W Bluetoot...","2,057",65% off,3.8,20
QuillQuarry H86T/JB 110 W Bluetooth Tower Speaker,"2,947",75% off,3.8,10
RZG R20 Dancing home theater 120 W Bluetooth Tower Spe...,"2,543",80% off,,
new eagle 300BT 1 W Bluetooth Home Theatre,"1,899",42% off,3.7,3
Bencley BLKTHUNDERBIRD 150 W Bluetooth Tower Speaker,"6,413",32% off,3.9,45
"RZW PL4180 Essential & Rich Bass, 5 Hrs Playtime, IPX7...",636,78% off,3.6,8
TRONICA FL 40 W Bluetooth Home Theatre,"2,244",35% off,3.9,56
TECNIA MT18 Single Tower Karaoke Tower Speaker 80 W Bl...,"4,191",61% off,3.3,31
Techobucks WS01 Power pact Stereo Sound |3D Extra | Sp...,560,30% off,3.8,79
Clairbell ZQS 4210 15 W Bluetooth Tower Speaker,"1,472",50% off,4,1
"ZSIV L51 Speaker, Super Bass Best Sound Quality, Splas...",699,81% off,4,25
Treadmill Premium Wireless Multi Function Subwoofer Ul...,401,59% off,3.2,21
TX FLO 19h playtime Sleek soundbar with powerful sound...,982,75% off,4,123
Clairbell MG34KING113MG KING Bluetooh Wireless Rechar...,540,50% off,4,48
prass 4.1 BT 65 W Bluetooth Home Theatre,"2,209",26% off,3.7,43
Toreto Party Mini Party Box speaker with wired karaoke ...,"5,399",46% off,4.3,3
TRONICA BANJO 3 55 W Bluetooth Tower Speaker,"3,545",21% off,4.5,12
"RZG VIRTAL Dj Party Speaker with Mic Support, Remote Co...","3,332",74% off,4,5
Qcluellu 448 =FG TOWER SPEAKER DJ Sound Stereo bass Bui...,"2,898",71% off,,
"RZG D208 Tower Speaker/Home Theatre With Subwoofer, Ka...","1,928",80% off,3.7,10
ZSIV TV Sound bar and Wireless Bluetooth Audio Speaker ...,889,87% off,4.8,5
Techpunch Newest Speaker Portable Dynamic Thunder Sound...,445,55% off,,
divik K12 Wireless Karaoke Speaker With Mic 10 W Blueto...,479,76% off,3.5,11
Clairbell ODZ_693L_ 4103|WS 15 W Bluetooth Tower Speak...,746,45% off,3.4,8
Dotsun 8 inch woofer Single Tower 4000 W Bluetooth Towe...,"4,224",64% off,3.3,29
"prass Passion tower 5.25"" woofer with 3"" speaker 55 W B...","2,283",34% off,5,4
prass 2.1 with wooden satellite 65 W Bluetooth Home The...,"2,301",34% off,4,74
ultiads G55 home audio speaker 100 W Bluetooth Tower S...,"2,876",64% off,3.9,28
BASPRO 4 inch Wall Mount Speaker for home theatre/ Offi...,799,57% off,,
NIDHIE Twin Turbo 200 W Bluetooth Tower Speaker,"6,465",63% off,3.7,28
RZW Enjoy your favorite songs with exceptional clarity ...,760,74% off,4,9
Bencley HDT03 PRO Double Tower 115 W Bluetooth Tower S...,"4,791",31% off,3.7,165
ZWOLLEX Wireless 5.3 Home System Sound bar with Perfect...,683,77% off,3.9,70
TRONICA Bluetooth Home Theater 35 W Bluetooth Home Thea...,"2,188",37% off,3.6,27
XVEP Karaoke Speaker Soundbar with Rechargeable Battery...,896,69% off,3.4,357
Bencley HDT01 Double Tower 105 W Bluetooth Tower Speak...,"4,689",33% off,3.7,58
"TOPLUS TPS180N9 Bluetooth Home Theatre (Black, 4.1 Chan...","1,992",13% off,3.8,16
Hezoc mini booster 5 W Bluetooth Home Audio Speaker,373,53% off,3.5,11
GUGGU NN753 M425 Bluetooth Home Theatre Speaker 16 W B...,953,43% off,3,3
TSeries Charlie 50 W Bluetooth Home Audio Speaker,"7,194",27% off,3.9,38
GUGGU YYC_585S Super Bass Bluetooth Wireless Portable Z...,"1,432",52% off,4,27
GOOD FUN WS1600 Mini Home Theater|3D Sound|Splashproof...,654,83% off,,
TERABYTE TB015 (USB powered) 2.0 Mini Desktop Speakers...,499,16% off,3.9,68
Bencley BLACK DIAMOND BASS BOOST With MultiColor Neon ...,"5,746",39% off,3.9,14
RZG R620 Dj Multimedia Mini Tower Speaker Home Theater...,"1,845",81% off,3.8,41
Edifier MR4 42 W Studio Monitor,"13,027",23% off,4.6,36
IMMUTABLE Portable Wireless Bluetooth Speaker with Wire...,"1,248",51% off,3.4,12
Soroo Future A006 Portable Bluetooth Speaker with DJ LH...,654,78% off,,
Clairbell IEG_600B_LZ 4104||WS04|| Karaoke Speaker Wit...,746,46% off,3.7,3
ultiads FGHG 100 W Bluetooth Tower Speaker,"2,830",64% off,,
"WOOS Bluetooth Speaker,6Hrs Playback,3D theater sound e...",786,60% off,4.7,3
Quaranel WEF/S Tower Multimedia Speaker System Remote ...,"2,818",78% off,3.3,4
Clairbell DJ BOX LED Music Blub with RGB Light Changing...,294,70% off,4.3,4
"TOPLUS AE180N9 Bluetooth Home Theatre (Black, 4.1 Chan...","2,005",44% off,3.6,19
LIMBRO 50W home theatre 40 W Bluetooth Home Theatre,"1,371",72% off,3.5,6
ME&U Partybox 40watt with Bluetooth FM AUX RGB Light ka...,"1,386",65% off,3.5,87
RZW Tv speakers soundbar Dynamic Thunder Sound 2200mAh ...,945,72% off,4,2
snowbudy Wireless Charging Lamp with Bluetooth Speaker ...,949,76% off,4,3
RENTOOR Light Bluetooth Control Smart Music Playing Aud...,300,69% off,3.9,112
RZW HIGH BASS Soundbar For 6.5 Hours Playtime Wireless ...,910,73% off,4.4,9
SACRO Bluetooth Party Speaker Support BT/USB/SD Card Wi...,"1,373",31% off,4.4,35
Quaranel Dj Home theater System 90 W Bluetooth Tower Sp...,"2,705",72% off,3.8,10
RZW Blaster 10Watt Loud Sound FM USB MMC BT 6 hr.Playti...,649,67% off,4.7,3
RZW Wireless Soundbar Portable Speaker Stereo HiFi Heav...,878,64% off,3.8,92
TOPLUS Cine Venue 4000 75 W Bluetooth Home Theatre,"3,470",56% off,4,10
GUGGU Wireless Soundbar: 48W BluetoothCompatible Speak...,884,50% off,3.5,19
D1Y3 120W Tower Speaker02Black 120 W Bluetooth Tower ...,"2,945",77% off,4.3,33
DHAN GRD A005 BLUETOOTH SPEAKER 10 W Bluetooth Home Au...,478,36% off,4.3,27
Yoment TY9 HOME TOWER SPEAKER 40 W Bluetooth Tower Spea...,"1,650",83% off,3.6,80
GOOD FUN Alto R1 Bluetooth Wireless 5.0 Channel Sound B...,847,57% off,3.8,12
TOPLUS GNSDiscovery Multimedia Bluetooth Tower Speaker...,"2,795",20% off,4.1,79
quotimo SIZ TALLBOY ST500 120 W Bluetooth Tower Speaker,"3,305",58% off,3.6,102
"Quaranel Home Theater Fm Support , Bluetooth Streaming ...","1,996",80% off,4.3,6
Clairbell YGI_630F_LZ 4104||WS04|| Karaoke Speaker Wit...,746,46% off,3.6,34
IMMUTABLE E91 Portable Wireless Bluetooth Desktop PC L...,748,42% off,3.7,46
Treadmill TG 143 Portable Wireless Bluetooth Dual Bass ...,673,32% off,3.9,17
Techobucks Wireless Speaker Thunder High Bass Powerful ...,857,28% off,3.9,105
"D1Y3 MultiConectivity FM, AUX, Memory Support 120 W Bl...","2,998",76% off,2.3,3
ERHIndia 1 Pc Audio Speaker Sound TV Loudspeakers Speak...,243,64% off,3.6,7
Xhimdun GANGWAR6 HOME THEATRE TOWER SPEAKER 100 W Bluet...,"3,000",66% off,4.2,51
Quaranel U99 G Tower Multimedia Speaker System Remote ...,"2,820",78% off,3.9,61
HZR T20X Party Speaker With Karaoke 120 W Bluetooth To...,"3,787",70% off,4,9
GUGGU Thunder (Bluetooth Speaker with mic) 20W Stereo S...,"1,443",51% off,3.6,34
IMMUTABLE LZ3101 Portable Bluetooth speaker Audio Play...,567,43% off,3.9,42
Soroo Future Bluetooth Speaker Bass Music System for Ho...,936,62% off,4,7
GUGGU DJ Box Wireless Small With Big Sound Metal Shineb...,425,57% off,4,10
Techobucks 3D Rich Bass Multimedia Trolley Disco Light ...,405,66% off,3.3,12
"RZW Bass 20W Bluetooth Speaker With 12Hour Playtime,TF ...",781,77% off,3.5,11
Clairbell NEJ_633G_LZ 4104||WS04|| Karaoke Speaker Wit...,746,46% off,3.6,17
MAK POWER SP350 TWS Bluetooth Speaker for Indoor/Outdo...,607,59% off,5,5
Quaranel U99 G Tower Multimedia Speaker System Remote ...,"2,820",78% off,3.9,61
HZR T20X Party Speaker With Karaoke 120 W Bluetooth To...,"3,787",70% off,4,9
GUGGU Thunder (Bluetooth Speaker with mic) 20W Stereo S...,"1,443",51% off,3.6,34
IMMUTABLE LZ3101 Portable Bluetooth speaker Audio Play...,567,43% off,3.9,42
Soroo Future Bluetooth Speaker Bass Music System for Ho...,936,62% off,4,7
GUGGU DJ Box Wireless Small With Big Sound Metal Shineb...,425,57% off,4,10
Techobucks 3D Rich Bass Multimedia Trolley Disco Light ...,405,66% off,3.3,12
"RZW Bass 20W Bluetooth Speaker With 12Hour Playtime,TF ...",781,77% off,3.5,11
Clairbell NEJ_633G_LZ 4104||WS04|| Karaoke Speaker Wit...,746,46% off,3.6,17
MAK POWER SP350 TWS Bluetooth Speaker for Indoor/Outdo...,607,59% off,5,5
Quaranel U99 G Tower Multimedia Speaker System Remote ...,"2,820",78% off,3.9,61
HZR T20X Party Speaker With Karaoke 120 W Bluetooth To...,"3,787",70% off,4,9
GUGGU Thunder (Bluetooth Speaker with mic) 20W Stereo S...,"1,443",51% off,3.6,34
IMMUTABLE LZ3101 Portable Bluetooth speaker Audio Play...,567,43% off,3.9,42
Soroo Future Bluetooth Speaker Bass Music System for Ho...,936,62% off,4,7
GUGGU DJ Box Wireless Small With Big Sound Metal Shineb...,425,57% off,4,10
Techobucks 3D Rich Bass Multimedia Trolley Disco Light ...,405,66% off,3.3,12
"RZW Bass 20W Bluetooth Speaker With 12Hour Playtime,TF ...",781,77% off,3.5,11
Clairbell NEJ_633G_LZ 4104||WS04|| Karaoke Speaker Wit...,746,46% off,3.6,17
MAK POWER SP350 TWS Bluetooth Speaker for Indoor/Outdo...,607,59% off,5,5
Quaranel U99 G Tower Multimedia Speaker System Remote ...,"2,820",78% off,3.9,61
HZR T20X Party Speaker With Karaoke 120 W Bluetooth To...,"3,787",70% off,4,9
GUGGU Thunder (Bluetooth Speaker with mic) 20W Stereo S...,"1,443",51% off,3.6,34
IMMUTABLE LZ3101 Portable Bluetooth speaker Audio Play...,567,43% off,3.9,42
Soroo Future Bluetooth Speaker Bass Music System for Ho...,936,62% off,4,7
GUGGU DJ Box Wireless Small With Big Sound Metal Shineb...,425,57% off,4,10
Techobucks 3D Rich Bass Multimedia Trolley Disco Light ...,405,66% off,3.3,12
"RZW Bass 20W Bluetooth Speaker With 12Hour Playtime,TF ...",781,77% off,3.5,11
Clairbell NEJ_633G_LZ 4104||WS04|| Karaoke Speaker Wit...,746,46% off,3.6,17
MAK POWER SP350 TWS Bluetooth Speaker for Indoor/Outdo...,607,59% off,5,5
Quaranel U99 G Tower Multimedia Speaker System Remote ...,"2,820",78% off,3.9,61
HZR T20X Party Speaker With Karaoke 120 W Bluetooth To...,"3,787",70% off,4,9
GUGGU Thunder (Bluetooth Speaker with mic) 20W Stereo S...,"1,443",51% off,3.6,34
IMMUTABLE LZ3101 Portable Bluetooth speaker Audio Play...,567,43% off,3.9,42
Soroo Future Bluetooth Speaker Bass Music System for Ho...,936,62% off,4,7
GUGGU DJ Box Wireless Small With Big Sound Metal Shineb...,425,57% off,4,10
Techobucks 3D Rich Bass Multimedia Trolley Disco Light ...,405,66% off,3.3,12
"RZW Bass 20W Bluetooth Speaker With 12Hour Playtime,TF ...",781,77% off,3.5,11
Clairbell NEJ_633G_LZ 4104||WS04|| Karaoke Speaker Wit...,746,46% off,3.6,17
MAK POWER SP350 TWS Bluetooth Speaker for Indoor/Outdo...,607,59% off,5,5
Quaranel U99 G Tower Multimedia Speaker System Remote ...,"2,820",78% off,3.9,61
HZR T20X Party Speaker With Karaoke 120 W Bluetooth To...,"3,787",70% off,4,9
GUGGU Thunder (Bluetooth Speaker with mic) 20W Stereo S...,"1,443",51% off,3.6,34
IMMUTABLE LZ3101 Portable Bluetooth speaker Audio Play...,567,43% off,3.9,42
Soroo Future Bluetooth Speaker Bass Music System for Ho...,936,62% off,4,7
GUGGU DJ Box Wireless Small With Big Sound Metal Shineb...,425,57% off,4,10
Techobucks 3D Rich Bass Multimedia Trolley Disco Light ...,405,66% off,3.3,12
"RZW Bass 20W Bluetooth Speaker With 12Hour Playtime,TF ...",781,77% off,3.5,11
Clairbell NEJ_633G_LZ 4104||WS04|| Karaoke Speaker Wit...,746,46% off,3.6,17
MAK POWER SP350 TWS Bluetooth Speaker for Indoor/Outdo...,607,59% off,5,5
Quaranel U99 G Tower Multimedia Speaker System Remote ...,"2,820",78% off,3.9,61
HZR T20X Party Speaker With Karaoke 120 W Bluetooth To...,"3,787",70% off,4,9
GUGGU Thunder (Bluetooth Speaker with mic) 20W Stereo S...,"1,443",51% off,3.6,34
IMMUTABLE LZ3101 Portable Bluetooth speaker Audio Play...,567,43% off,3.9,42
Soroo Future Bluetooth Speaker Bass Music System for Ho...,936,62% off,4,7
GUGGU DJ Box Wireless Small With Big Sound Metal Shineb...,425,57% off,4,10
Techobucks 3D Rich Bass Multimedia Trolley Disco Light ...,405,66% off,3.3,12
"RZW Bass 20W Bluetooth Speaker With 12Hour Playtime,TF ...",781,77% off,3.5,11
Clairbell NEJ_633G_LZ 4104||WS04|| Karaoke Speaker Wit...,746,46% off,3.6,17
MAK POWER SP350 TWS Bluetooth Speaker for Indoor/Outdo...,607,59% off,5,5
Quaranel U99 G Tower Multimedia Speaker System Remote ...,"2,820",78% off,3.9,61
HZR T20X Party Speaker With Karaoke 120 W Bluetooth To...,"3,787",70% off,4,9
GUGGU Thunder (Bluetooth Speaker with mic) 20W Stereo S...,"1,443",51% off,3.6,34
IMMUTABLE LZ3101 Portable Bluetooth speaker Audio Play...,567,43% off,3.9,42
Soroo Future Bluetooth Speaker Bass Music System for Ho...,936,62% off,4,7
GUGGU DJ Box Wireless Small With Big Sound Metal Shineb...,425,57% off,4,10
Techobucks 3D Rich Bass Multimedia Trolley Disco Light ...,405,66% off,3.3,12
"RZW Bass 20W Bluetooth Speaker With 12Hour Playtime,TF ...",781,77% off,3.5,11
Clairbell NEJ_633G_LZ 4104||WS04|| Karaoke Speaker Wit...,746,46% off,3.6,17
MAK POWER SP350 TWS Bluetooth Speaker for Indoor/Outdo...,607,59% off,5,5
Quaranel U99 G Tower Multimedia Speaker System Remote ...,"2,820",78% off,3.9,61
HZR T20X Party Speaker With Karaoke 120 W Bluetooth To...,"3,787",70% off,4,9
GUGGU Thunder (Bluetooth Speaker with mic) 20W Stereo S...,"1,443",51% off,3.6,34
IMMUTABLE LZ3101 Portable Bluetooth speaker Audio Play...,567,43% off,3.9,42
Soroo Future Bluetooth Speaker Bass Music System for Ho...,936,62% off,4,7
GUGGU DJ Box Wireless Small With Big Sound Metal Shineb...,425,57% off,4,10
Techobucks 3D Rich Bass Multimedia Trolley Disco Light ...,405,66% off,3.3,12
"RZW Bass 20W Bluetooth Speaker With 12Hour Playtime,TF ...",781,77% off,3.5,11
Clairbell NEJ_633G_LZ 4104||WS04|| Karaoke Speaker Wit...,746,46% off,3.6,17
MAK POWER SP350 TWS Bluetooth Speaker for Indoor/Outdo...,607,59% off,5,5
Quaranel U99 G Tower Multimedia Speaker System Remote ...,"2,820",78% off,3.9,61
HZR T20X Party Speaker With Karaoke 120 W Bluetooth To...,"3,787",70% off,4,9
GUGGU Thunder (Bluetooth Speaker with mic) 20W Stereo S...,"1,443",51% off,3.6,34
IMMUTABLE LZ3101 Portable Bluetooth speaker Audio Play...,567,43% off,3.9,42
Soroo Future Bluetooth Speaker Bass Music System for Ho...,936,62% off,4,7
GUGGU DJ Box Wireless Small With Big Sound Metal Shineb...,425,57% off,4,10
Techobucks 3D Rich Bass Multimedia Trolley Disco Light ...,405,66% off,3.3,12
"RZW Bass 20W Bluetooth Speaker With 12Hour Playtime,TF ...",781,77% off,3.5,11
Clairbell NEJ_633G_LZ 4104||WS04|| Karaoke Speaker Wit...,746,46% off,3.6,17
MAK POWER SP350 TWS Bluetooth Speaker for Indoor/Outdo...,607,59% off,5,5
Quaranel U99 G Tower Multimedia Speaker System Remote ...,"2,820",78% off,3.9,61
HZR T20X Party Speaker With Karaoke 120 W Bluetooth To...,"3,787",70% off,4,9
GUGGU Thunder (Bluetooth Speaker with mic) 20W Stereo S...,"1,443",51% off,3.6,34
IMMUTABLE LZ3101 Portable Bluetooth speaker Audio Play...,567,43% off,3.9,42
Soroo Future Bluetooth Speaker Bass Music System for Ho...,936,62% off,4,7
GUGGU DJ Box Wireless Small With Big Sound Metal Shineb...,425,57% off,4,10
Techobucks 3D Rich Bass Multimedia Trolley Disco Light ...,405,66% off,3.3,12
"RZW Bass 20W Bluetooth Speaker With 12Hour Playtime,TF ...",781,77% off,3.5,11
Clairbell NEJ_633G_LZ 4104||WS04|| Karaoke Speaker Wit...,746,46% off,3.6,17
MAK POWER SP350 TWS Bluetooth Speaker for Indoor/Outdo...,607,59% off,5,5
Quaranel U99 G Tower Multimedia Speaker System Remote ...,"2,820",78% off,3.9,61
HZR T20X Party Speaker With Karaoke 120 W Bluetooth To...,"3,787",70% off,4,9
GUGGU Thunder (Bluetooth Speaker with mic) 20W Stereo S...,"1,443",51% off,3.6,34
IMMUTABLE LZ3101 Portable Bluetooth speaker Audio Play...,567,43% off,3.9,42
Soroo Future Bluetooth Speaker Bass Music System for Ho...,936,62% off,4,7
GUGGU DJ Box Wireless Small With Big Sound Metal Shineb...,425,57% off,4,10
Techobucks 3D Rich Bass Multimedia Trolley Disco Light ...,405,66% off,3.3,12
"RZW Bass 20W Bluetooth Speaker With 12Hour Playtime,TF ...",781,77% off,3.5,11
Clairbell NEJ_633G_LZ 4104||WS04|| Karaoke Speaker Wit...,746,46% off,3.6,17
MAK POWER SP350 TWS Bluetooth Speaker for Indoor/Outdo...,607,59% off,5,5
Quaranel U99 G Tower Multimedia Speaker System Remote ...,"2,820",78% off,3.9,61
HZR T20X Party Speaker With Karaoke 120 W Bluetooth To...,"3,787",70% off,4,9
GUGGU Thunder (Bluetooth Speaker with mic) 20W Stereo S...,"1,443",51% off,3.6,34
IMMUTABLE LZ3101 Portable Bluetooth speaker Audio Play...,567,43% off,3.9,42
Soroo Future Bluetooth Speaker Bass Music System for Ho...,936,62% off,4,7
GUGGU DJ Box Wireless Small With Big Sound Metal Shineb...,425,57% off,4,10
Techobucks 3D Rich Bass Multimedia Trolley Disco Light ...,405,66% off,3.3,12
"RZW Bass 20W Bluetooth Speaker With 12Hour Playtime,TF ...",781,77% off,3.5,11
Clairbell NEJ_633G_LZ 4104||WS04|| Karaoke Speaker Wit...,746,46% off,3.6,17
MAK POWER SP350 TWS Bluetooth Speaker for Indoor/Outdo...,607,59% off,5,5
Quaranel U99 G Tower Multimedia Speaker System Remote ...,"2,820",78% off,3.9,61
HZR T20X Party Speaker With Karaoke 120 W Bluetooth To...,"3,787",70% off,4,9
GUGGU Thunder (Bluetooth Speaker with mic) 20W Stereo S...,"1,443",51% off,3.6,34
IMMUTABLE LZ3101 Portable Bluetooth speaker Audio Play...,567,43% off,3.9,42
Soroo Future Bluetooth Speaker Bass Music System for Ho...,936,62% off,4,7
GUGGU DJ Box Wireless Small With Big Sound Metal Shineb...,425,57% off,4,10
Techobucks 3D Rich Bass Multimedia Trolley Disco Light ...,405,66% off,3.3,12
"RZW Bass 20W Bluetooth Speaker With 12Hour Playtime,TF ...",781,77% off,3.5,11
Clairbell NEJ_633G_LZ 4104||WS04|| Karaoke Speaker Wit...,746,46% off,3.6,17
MAK POWER SP350 TWS Bluetooth Speaker for Indoor/Outdo...,607,59% off,5,5
Quaranel U99 G Tower Multimedia Speaker System Remote ...,"2,820",78% off,3.9,61
HZR T20X Party Speaker With Karaoke 120 W Bluetooth To...,"3,787",70% off,4,9
GUGGU Thunder (Bluetooth Speaker with mic) 20W Stereo S...,"1,443",51% off,3.6,34
IMMUTABLE LZ3101 Portable Bluetooth speaker Audio Play...,567,43% off,3.9,42
Soroo Future Bluetooth Speaker Bass Music System for Ho...,936,62% off,4,7
GUGGU DJ Box Wireless Small With Big Sound Metal Shineb...,425,57% off,4,10
Techobucks 3D Rich Bass Multimedia Trolley Disco Light ...,405,66% off,3.3,12
"RZW Bass 20W Bluetooth Speaker With 12Hour Playtime,TF ...",781,77% off,3.5,11
Clairbell NEJ_633G_LZ 4104||WS04|| Karaoke Speaker Wit...,746,46% off,3.6,17
MAK POWER SP350 TWS Bluetooth Speaker for Indoor/Outdo...,607,59% off,5,5
Quaranel U99 G Tower Multimedia Speaker System Remote ...,"2,820",78% off,3.9,61
HZR T20X Party Speaker With Karaoke 120 W Bluetooth To...,"3,787",70% off,4,9
GUGGU Thunder (Bluetooth Speaker with mic) 20W Stereo S...,"1,443",51% off,3.6,34
IMMUTABLE LZ3101 Portable Bluetooth speaker Audio Play...,567,43% off,3.9,42
Soroo Future Bluetooth Speaker Bass Music System for Ho...,936,62% off,4,7
GUGGU DJ Box Wireless Small With Big Sound Metal Shineb...,425,57% off,4,10
Techobucks 3D Rich Bass Multimedia Trolley Disco Light ...,405,66% off,3.3,12
"RZW Bass 20W Bluetooth Speaker With 12Hour Playtime,TF ...",781,77% off,3.5,11
Clairbell NEJ_633G_LZ 4104||WS04|| Karaoke Speaker Wit...,746,46% off,3.6,17
MAK POWER SP350 TWS Bluetooth Speaker for Indoor/Outdo...,607,59% off,5,5
Quaranel U99 G Tower Multimedia Speaker System Remote ...,"2,820",78% off,3.9,61
HZR T20X Party Speaker With Karaoke 120 W Bluetooth To...,"3,787",70% off,4,9
GUGGU Thunder (Bluetooth Speaker with mic) 20W Stereo S...,"1,443",51% off,3.6,34
IMMUTABLE LZ3101 Portable Bluetooth speaker Audio Play...,567,43% off,3.9,42
Soroo Future Bluetooth Speaker Bass Music System for Ho...,936,62% off,4,7
GUGGU DJ Box Wireless Small With Big Sound Metal Shineb...,425,57% off,4,10
Techobucks 3D Rich Bass Multimedia Trolley Disco Light ...,405,66% off,3.3,12
"RZW Bass 20W Bluetooth Speaker With 12Hour Playtime,TF ...",781,77% off,3.5,11
Clairbell NEJ_633G_LZ 4104||WS04|| Karaoke Speaker Wit...,746,46% off,3.6,17
MAK POWER SP350 TWS Bluetooth Speaker for Indoor/Outdo...,607,59% off,5,5
Quaranel U99 G Tower Multimedia Speaker System Remote ...,"2,820",78% off,3.9,61
HZR T20X Party Speaker With Karaoke 120 W Bluetooth To...,"3,787",70% off,4,9
GUGGU Thunder (Bluetooth Speaker with mic) 20W Stereo S...,"1,443",51% off,3.6,34
IMMUTABLE LZ3101 Portable Bluetooth speaker Audio Play...,567,43% off,3.9,42
Soroo Future Bluetooth Speaker Bass Music System for Ho...,936,62% off,4,7
GUGGU DJ Box Wireless Small With Big Sound Metal Shineb...,425,57% off,4,10
Techobucks 3D Rich Bass Multimedia Trolley Disco Light ...,405,66% off,3.3,12
"RZW Bass 20W Bluetooth Speaker With 12Hour Playtime,TF ...",781,77% off,3.5,11
Clairbell NEJ_633G_LZ 4104||WS04|| Karaoke Speaker Wit...,746,46% off,3.6,17
MAK POWER SP350 TWS Bluetooth Speaker for Indoor/Outdo...,607,59% off,5,5
Quaranel U99 G Tower Multimedia Speaker System Remote ...,"2,820",78% off,3.9,61
HZR T20X Party Speaker With Karaoke 120 W Bluetooth To...,"3,787",70% off,4,9
GUGGU Thunder (Bluetooth Speaker with mic) 20W Stereo S...,"1,443",51% off,3.6,34
IMMUTABLE LZ3101 Portable Bluetooth speaker Audio Play...,567,43% off,3.9,42
Soroo Future Bluetooth Speaker Bass Music System for Ho...,936,62% off,4,7
GUGGU DJ Box Wireless Small With Big Sound Metal Shineb...,425,57% off,4,10
Techobucks 3D Rich Bass Multimedia Trolley Disco Light ...,405,66% off,3.3,12
"RZW Bass 20W Bluetooth Speaker With 12Hour Playtime,TF ...",781,77% off,3.5,11
Clairbell NEJ_633G_LZ 4104||WS04|| Karaoke Speaker Wit...,746,46% off,3.6,17
MAK POWER SP350 TWS Bluetooth Speaker for Indoor/Outdo...,607,59% off,5,5
Quaranel U99 G Tower Multimedia Speaker System Remote ...,"2,820",78% off,3.9,61
HZR T20X Party Speaker With Karaoke 120 W Bluetooth To...,"3,787",70% off,4,9
GUGGU Thunder (Bluetooth Speaker with mic) 20W Stereo S...,"1,443",51% off,3.6,34
IMMUTABLE LZ3101 Portable Bluetooth speaker Audio Play...,567,43% off,3.9,42
Soroo Future Bluetooth Speaker Bass Music System for Ho...,936,62% off,4,7
GUGGU DJ Box Wireless Small With Big Sound Metal Shineb...,425,57% off,4,10
Techobucks 3D Rich Bass Multimedia Trolley Disco Light ...,405,66% off,3.3,12
"RZW Bass 20W Bluetooth Speaker With 12Hour Playtime,TF ...",781,77% off,3.5,11
Clairbell NEJ_633G_LZ 4104||WS04|| Karaoke Speaker Wit...,746,46% off,3.6,17
MAK POWER SP350 TWS Bluetooth Speaker for Indoor/Outdo...,607,59% off,5,5
Quaranel U99 G Tower Multimedia Speaker System Remote ...,"2,820",78% off,3.9,61
HZR T20X Party Speaker With Karaoke 120 W Bluetooth To...,"3,787",70% off,4,9
GUGGU Thunder (Bluetooth Speaker with mic) 20W Stereo S...,"1,443",51% off,3.6,34
IMMUTABLE LZ3101 Portable Bluetooth speaker Audio Play...,567,43% off,3.9,42
Soroo Future Bluetooth Speaker Bass Music System for Ho...,936,62% off,4,7
GUGGU DJ Box Wireless Small With Big Sound Metal Shineb...,425,57% off,4,10
Techobucks 3D Rich Bass Multimedia Trolley Disco Light ...,405,66% off,3.3,12
"RZW Bass 20W Bluetooth Speaker With 12Hour Playtime,TF ...",781,77% off,3.5,11
Clairbell NEJ_633G_LZ 4104||WS04|| Karaoke Speaker Wit...,746,46% off,3.6,17
MAK POWER SP350 TWS Bluetooth Speaker for Indoor/Outdo...,607,59% off,5,5
Quaranel U99 G Tower Multimedia Speaker System Remote ...,"2,820",78% off,3.9,61
HZR T20X Party Speaker With Karaoke 120 W Bluetooth To...,"3,787",70% off,4,9
GUGGU Thunder (Bluetooth Speaker with mic) 20W Stereo S...,"1,443",51% off,3.6,34
IMMUTABLE LZ3101 Portable Bluetooth speaker Audio Play...,567,43% off,3.9,42
Soroo Future Bluetooth Speaker Bass Music System for Ho...,936,62% off,4,7
GUGGU DJ Box Wireless Small With Big Sound Metal Shineb...,425,57% off,4,10
Techobucks 3D Rich Bass Multimedia Trolley Disco Light ...,405,66% off,3.3,12
"RZW Bass 20W Bluetooth Speaker With 12Hour Playtime,TF ...",781,77% off,3.5,11
Clairbell NEJ_633G_LZ 4104||WS04|| Karaoke Speaker Wit...,746,46% off,3.6,17
MAK POWER SP350 TWS Bluetooth Speaker for Indoor/Outdo...,607,59% off,5,5
Quaranel U99 G Tower Multimedia Speaker System Remote ...,"2,820",78% off,3.9,61
HZR T20X Party Speaker With Karaoke 120 W Bluetooth To...,"3,787",70% off,4,9
GUGGU Thunder (Bluetooth Speaker with mic) 20W Stereo S...,"1,443",51% off,3.6,34
IMMUTABLE LZ3101 Portable Bluetooth speaker Audio Play...,567,43% off,3.9,42
Soroo Future Bluetooth Speaker Bass Music System for Ho...,936,62% off,4,7
GUGGU DJ Box Wireless Small With Big Sound Metal Shineb...,425,57% off,4,10
Techobucks 3D Rich Bass Multimedia Trolley Disco Light ...,405,66% off,3.3,12
"RZW Bass 20W Bluetooth Speaker With 12Hour Playtime,TF ...",781,77% off,3.5,11
Clairbell NEJ_633G_LZ 4104||WS04|| Karaoke Speaker Wit...,746,46% off,3.6,17
MAK POWER SP350 TWS Bluetooth Speaker for Indoor/Outdo...,607,59% off,5,5
Quaranel U99 G Tower Multimedia Speaker System Remote ...,"2,820",78% off,3.9,61
HZR T20X Party Speaker With Karaoke 120 W Bluetooth To...,"3,787",70% off,4,9
GUGGU Thunder (Bluetooth Speaker with mic) 20W Stereo S...,"1,443",51% off,3.6,34
IMMUTABLE LZ3101 Portable Bluetooth speaker Audio Play...,567,43% off,3.9,42
Soroo Future Bluetooth Speaker Bass Music System for Ho...,936,62% off,4,7
GUGGU DJ Box Wireless Small With Big Sound Metal Shineb...,425,57% off,4,10
Techobucks 3D Rich Bass Multimedia Trolley Disco Light ...,405,66% off,3.3,12
"RZW Bass 20W Bluetooth Speaker With 12Hour Playtime,TF ...",781,77% off,3.5,11
Clairbell NEJ_633G_LZ 4104||WS04|| Karaoke Speaker Wit...,746,46% off,3.6,17
MAK POWER SP350 TWS Bluetooth Speaker for Indoor/Outdo...,607,59% off,5,5
Quaranel U99 G Tower Multimedia Speaker System Remote ...,"2,820",78% off,3.9,61
HZR T20X Party Speaker With Karaoke 120 W Bluetooth To...,"3,787",70% off,4,9
GUGGU Thunder (Bluetooth Speaker with mic) 20W Stereo S...,"1,443",51% off,3.6,34
IMMUTABLE LZ3101 Portable Bluetooth speaker Audio Play...,567,43% off,3.9,42
Soroo Future Bluetooth Speaker Bass Music System for Ho...,936,62% off,4,7
GUGGU DJ Box Wireless Small With Big Sound Metal Shineb...,425,57% off,4,10
Techobucks 3D Rich Bass Multimedia Trolley Disco Light ...,405,66% off,3.3,12
"RZW Bass 20W Bluetooth Speaker With 12Hour Playtime,TF ...",781,77% off,3.5,11
Clairbell NEJ_633G_LZ 4104||WS04|| Karaoke Speaker Wit...,746,46% off,3.6,17
MAK POWER SP350 TWS Bluetooth Speaker for Indoor/Outdo...,607,59% off,5,5
Quaranel U99 G Tower Multimedia Speaker System Remote ...,"2,820",78% off,3.9,61
HZR T20X Party Speaker With Karaoke 120 W Bluetooth To...,"3,787",70% off,4,9
GUGGU Thunder (Bluetooth Speaker with mic) 20W Stereo S...,"1,443",51% off,3.6,34
IMMUTABLE LZ3101 Portable Bluetooth speaker Audio Play...,567,43% off,3.9,42
Soroo Future Bluetooth Speaker Bass Music System for Ho...,936,62% off,4,7
GUGGU DJ Box Wireless Small With Big Sound Metal Shineb...,425,57% off,4,10
Techobucks 3D Rich Bass Multimedia Trolley Disco Light ...,405,66% off,3.3,12
"RZW Bass 20W Bluetooth Speaker With 12Hour Playtime,TF ...",781,77% off,3.5,11
Clairbell NEJ_633G_LZ 4104||WS04|| Karaoke Speaker Wit...,746,46% off,3.6,17
MAK POWER SP350 TWS Bluetooth Speaker for Indoor/Outdo...,607,59% off,5,5
Quaranel U99 G Tower Multimedia Speaker System Remote ...,"2,820",78% off,3.9,61
HZR T20X Party Speaker With Karaoke 120 W Bluetooth To...,"3,787",70% off,4,9
GUGGU Thunder (Bluetooth Speaker with mic) 20W Stereo S...,"1,443",51% off,3.6,34
IMMUTABLE LZ3101 Portable Bluetooth speaker Audio Play...,567,43% off,3.9,42
Soroo Future Bluetooth Speaker Bass Music System for Ho...,936,62% off,4,7
GUGGU DJ Box Wireless Small With Big Sound Metal Shineb...,425,57% off,4,10
Techobucks 3D Rich Bass Multimedia Trolley Disco Light ...,405,66% off,3.3,12
"RZW Bass 20W Bluetooth Speaker With 12Hour Playtime,TF ...",781,77% off,3.5,11
Clairbell NEJ_633G_LZ 4104||WS04|| Karaoke Speaker Wit...,746,46% off,3.6,17
MAK POWER SP350 TWS Bluetooth Speaker for Indoor/Outdo...,607,59% off,5,5
Quaranel U99 G Tower Multimedia Speaker System Remote ...,"2,820",78% off,3.9,61
HZR T20X Party Speaker With Karaoke 120 W Bluetooth To...,"3,787",70% off,4,9
GUGGU Thunder (Bluetooth Speaker with mic) 20W Stereo S...,"1,443",51% off,3.6,34
IMMUTABLE LZ3101 Portable Bluetooth speaker Audio Play...,567,43% off,3.9,42
Soroo Future Bluetooth Speaker Bass Music System for Ho...,936,62% off,4,7
GUGGU DJ Box Wireless Small With Big Sound Metal Shineb...,425,57% off,4,10
Techobucks 3D Rich Bass Multimedia Trolley Disco Light ...,405,66% off,3.3,12
"RZW Bass 20W Bluetooth Speaker With 12Hour Playtime,TF ...",781,77% off,3.5,11
Clairbell NEJ_633G_LZ 4104||WS04|| Karaoke Speaker Wit...,746,46% off,3.6,17
MAK POWER SP350 TWS Bluetooth Speaker for Indoor/Outdo...,607,59% off,5,5
Quaranel U99 G Tower Multimedia Speaker System Remote ...,"2,820",78% off,3.9,61
HZR T20X Party Speaker With Karaoke 120 W Bluetooth To...,"3,787",70% off,4,9
GUGGU Thunder (Bluetooth Speaker with mic) 20W Stereo S...,"1,443",51% off,3.6,34
IMMUTABLE LZ3101 Portable Bluetooth speaker Audio Play...,567,43% off,3.9,42
Soroo Future Bluetooth Speaker Bass Music System for Ho...,936,62% off,4,7
GUGGU DJ Box Wireless Small With Big Sound Metal Shineb...,425,57% off,4,10
Techobucks 3D Rich Bass Multimedia Trolley Disco Light ...,405,66% off,3.3,12
"RZW Bass 20W Bluetooth Speaker With 12Hour Playtime,TF ...",781,77% off,3.5,11
Clairbell NEJ_633G_LZ 4104||WS04|| Karaoke Speaker Wit...,746,46% off,3.6,17
MAK POWER SP350 TWS Bluetooth Speaker for Indoor/Outdo...,607,59% off,5,5
Quaranel U99 G Tower Multimedia Speaker System Remote ...,"2,820",78% off,3.9,61
HZR T20X Party Speaker With Karaoke 120 W Bluetooth To...,"3,787",70% off,4,9
GUGGU Thunder (Bluetooth Speaker with mic) 20W Stereo S...,"1,443",51% off,3.6,34
IMMUTABLE LZ3101 Portable Bluetooth speaker Audio Play...,567,43% off,3.9,42
Soroo Future Bluetooth Speaker Bass Music System for Ho...,936,62% off,4,7
GUGGU DJ Box Wireless Small With Big Sound Metal Shineb...,425,57% off,4,10
Techobucks 3D Rich Bass Multimedia Trolley Disco Light ...,405,66% off,3.3,12
"RZW Bass 20W Bluetooth Speaker With 12Hour Playtime,TF ...",781,77% off,3.5,11
Clairbell NEJ_633G_LZ 4104||WS04|| Karaoke Speaker Wit...,746,46% off,3.6,17
MAK POWER SP350 TWS Bluetooth Speaker for Indoor/Outdo...,607,59% off,5,5
Quaranel U99 G Tower Multimedia Speaker System Remote ...,"2,820",78% off,3.9,61
HZR T20X Party Speaker With Karaoke 120 W Bluetooth To...,"3,787",70% off,4,9
GUGGU Thunder (Bluetooth Speaker with mic) 20W Stereo S...,"1,443",51% off,3.6,34
IMMUTABLE LZ3101 Portable Bluetooth speaker Audio Play...,567,43% off,3.9,42
Soroo Future Bluetooth Speaker Bass Music System for Ho...,936,62% off,4,7
GUGGU DJ Box Wireless Small With Big Sound Metal Shineb...,425,57% off,4,10
Techobucks 3D Rich Bass Multimedia Trolley Disco Light ...,405,66% off,3.3,12
"RZW Bass 20W Bluetooth Speaker With 12Hour Playtime,TF ...",781,77% off,3.5,11
Clairbell NEJ_633G_LZ 4104||WS04|| Karaoke Speaker Wit...,746,46% off,3.6,17
MAK POWER SP350 TWS Bluetooth Speaker for Indoor/Outdo...,607,59% off,5,5
Quaranel U99 G Tower Multimedia Speaker System Remote ...,"2,820",78% off,3.9,61
HZR T20X Party Speaker With Karaoke 120 W Bluetooth To...,"3,787",70% off,4,9
GUGGU Thunder (Bluetooth Speaker with mic) 20W Stereo S...,"1,443",51% off,3.6,34
IMMUTABLE LZ3101 Portable Bluetooth speaker Audio Play...,567,43% off,3.9,42
Soroo Future Bluetooth Speaker Bass Music System for Ho...,936,62% off,4,7
GUGGU DJ Box Wireless Small With Big Sound Metal Shineb...,425,57% off,4,10
Techobucks 3D Rich Bass Multimedia Trolley Disco Light ...,405,66% off,3.3,12
"RZW Bass 20W Bluetooth Speaker With 12Hour Playtime,TF ...",781,77% off,3.5,11
Clairbell NEJ_633G_LZ 4104||WS04|| Karaoke Speaker Wit...,746,46% off,3.6,17
MAK POWER SP350 TWS Bluetooth Speaker for Indoor/Outdo...,607,59% off,5,5
Quaranel U99 G Tower Multimedia Speaker System Remote ...,"2,820",78% off,3.9,61
HZR T20X Party Speaker With Karaoke 120 W Bluetooth To...,"3,787",70% off,4,9
GUGGU Thunder (Bluetooth Speaker with mic) 20W Stereo S...,"1,443",51% off,3.6,34
IMMUTABLE LZ3101 Portable Bluetooth speaker Audio Play...,567,43% off,3.9,42
Soroo Future Bluetooth Speaker Bass Music System for Ho...,936,62% off,4,7
GUGGU DJ Box Wireless Small With Big Sound Metal Shineb...,425,57% off,4,10
Techobucks 3D Rich Bass Multimedia Trolley Disco Light ...,405,66% off,3.3,12
"RZW Bass 20W Bluetooth Speaker With 12Hour Playtime,TF ...",781,77% off,3.5,11
Clairbell NEJ_633G_LZ 4104||WS04|| Karaoke Speaker Wit...,746,46% off,3.6,17
MAK POWER SP350 TWS Bluetooth Speaker for Indoor/Outdo...,607,59% off,5,5
Quaranel U99 G Tower Multimedia Speaker System Remote ...,"2,820",78% off,3.9,61
HZR T20X Party Speaker With Karaoke 120 W Bluetooth To...,"3,787",70% off,4,9
GUGGU Thunder (Bluetooth Speaker with mic) 20W Stereo S...,"1,443",51% off,3.6,34
IMMUTABLE LZ3101 Portable Bluetooth speaker Audio Play...,567,43% off,3.9,42
Soroo Future Bluetooth Speaker Bass Music System for Ho...,936,62% off,4,7
GUGGU DJ Box Wireless Small With Big Sound Metal Shineb...,425,57% off,4,10
Techobucks 3D Rich Bass Multimedia Trolley Disco Light ...,405,66% off,3.3,12
"RZW Bass 20W Bluetooth Speaker With 12Hour Playtime,TF ...",781,77% off,3.5,11
Clairbell NEJ_633G_LZ 4104||WS04|| Karaoke Speaker Wit...,746,46% off,3.6,17
MAK POWER SP350 TWS Bluetooth Speaker for Indoor/Outdo...,607,59% off,5,5
Quaranel U99 G Tower Multimedia Speaker System Remote ...,"2,820",78% off,3.9,61
HZR T20X Party Speaker With Karaoke 120 W Bluetooth To...,"3,787",70% off,4,9
GUGGU Thunder (Bluetooth Speaker with mic) 20W Stereo S...,"1,443",51% off,3.6,34
IMMUTABLE LZ3101 Portable Bluetooth speaker Audio Play...,567,43% off,3.9,42
Soroo Future Bluetooth Speaker Bass Music System for Ho...,936,62% off,4,7
GUGGU DJ Box Wireless Small With Big Sound Metal Shineb...,425,57% off,4,10
Techobucks 3D Rich Bass Multimedia Trolley Disco Light ...,405,66% off,3.3,12
"RZW Bass 20W Bluetooth Speaker With 12Hour Playtime,TF ...",781,77% off,3.5,11
Clairbell NEJ_633G_LZ 4104||WS04|| Karaoke Speaker Wit...,746,46% off,3.6,17
MAK POWER SP350 TWS Bluetooth Speaker for Indoor/Outdo...,607,59% off,5,5
Quaranel U99 G Tower Multimedia Speaker System Remote ...,"2,820",78% off,3.9,61
HZR T20X Party Speaker With Karaoke 120 W Bluetooth To...,"3,787",70% off,4,9
GUGGU Thunder (Bluetooth Speaker with mic) 20W Stereo S...,"1,443",51% off,3.6,34
IMMUTABLE LZ3101 Portable Bluetooth speaker Audio Play...,567,43% off,3.9,42
Soroo Future Bluetooth Speaker Bass Music System for Ho...,936,62% off,4,7
GUGGU DJ Box Wireless Small With Big Sound Metal Shineb...,425,57% off,4,10
Techobucks 3D Rich Bass Multimedia Trolley Disco Light ...,405,66% off,3.3,12
"RZW Bass 20W Bluetooth Speaker With 12Hour Playtime,TF ...",781,77% off,3.5,11
Clairbell NEJ_633G_LZ 4104||WS04|| Karaoke Speaker Wit...,746,46% off,3.6,17
MAK POWER SP350 TWS Bluetooth Speaker for Indoor/Outdo...,607,59% off,5,5
Quaranel U99 G Tower Multimedia Speaker System Remote ...,"2,820",78% off,3.9,61
HZR T20X Party Speaker With Karaoke 120 W Bluetooth To...,"3,787",70% off,4,9
GUGGU Thunder (Bluetooth Speaker with mic) 20W Stereo S...,"1,443",51% off,3.6,34
IMMUTABLE LZ3101 Portable Bluetooth speaker Audio Play...,567,43% off,3.9,42
Soroo Future Bluetooth Speaker Bass Music System for Ho...,936,62% off,4,7
GUGGU DJ Box Wireless Small With Big Sound Metal Shineb...,425,57% off,4,10
Techobucks 3D Rich Bass Multimedia Trolley Disco Light ...,405,66% off,3.3,12
"RZW Bass 20W Bluetooth Speaker With 12Hour Playtime,TF ...",781,77% off,3.5,11
Clairbell NEJ_633G_LZ 4104||WS04|| Karaoke Speaker Wit...,746,46% off,3.6,17
MAK POWER SP350 TWS Bluetooth Speaker for Indoor/Outdo...,607,59% off,5,5
Quaranel U99 G Tower Multimedia Speaker System Remote ...,"2,820",78% off,3.9,61
HZR T20X Party Speaker With Karaoke 120 W Bluetooth To...,"3,787",70% off,4,9
GUGGU Thunder (Bluetooth Speaker with mic) 20W Stereo S...,"1,443",51% off,3.6,34
IMMUTABLE LZ3101 Portable Bluetooth speaker Audio Play...,567,43% off,3.9,42
Soroo Future Bluetooth Speaker Bass Music System for Ho...,936,62% off,4,7
GUGGU DJ Box Wireless Small With Big Sound Metal Shineb...,425,57% off,4,10
Techobucks 3D Rich Bass Multimedia Trolley Disco Light ...,405,66% off,3.3,12
"RZW Bass 20W Bluetooth Speaker With 12Hour Playtime,TF ...",781,77% off,3.5,11
Clairbell NEJ_633G_LZ 4104||WS04|| Karaoke Speaker Wit...,746,46% off,3.6,17
MAK POWER SP350 TWS Bluetooth Speaker for Indoor/Outdo...,607,59% off,5,5
Quaranel U99 G Tower Multimedia Speaker System Remote ...,"2,820",78% off,3.9,61
HZR T20X Party Speaker With Karaoke 120 W Bluetooth To...,"3,787",70% off,4,9
GUGGU Thunder (Bluetooth Speaker with mic) 20W Stereo S...,"1,443",51% off,3.6,34
IMMUTABLE LZ3101 Portable Bluetooth speaker Audio Play...,567,43% off,3.9,42
Soroo Future Bluetooth Speaker Bass Music System for Ho...,936,62% off,4,7
GUGGU DJ Box Wireless Small With Big Sound Metal Shineb...,425,57% off,4,10
Techobucks 3D Rich Bass Multimedia Trolley Disco Light ...,405,66% off,3.3,12
"RZW Bass 20W Bluetooth Speaker With 12Hour Playtime,TF ...",781,77% off,3.5,11
Clairbell NEJ_633G_LZ 4104||WS04|| Karaoke Speaker Wit...,746,46% off,3.6,17
MAK POWER SP350 TWS Bluetooth Speaker for Indoor/Outdo...,607,59% off,5,5
Quaranel U99 G Tower Multimedia Speaker System Remote ...,"2,820",78% off,3.9,61
HZR T20X Party Speaker With Karaoke 120 W Bluetooth To...,"3,787",70% off,4,9
GUGGU Thunder (Bluetooth Speaker with mic) 20W Stereo S...,"1,443",51% off,3.6,34
IMMUTABLE LZ3101 Portable Bluetooth speaker Audio Play...,567,43% off,3.9,42
Soroo Future Bluetooth Speaker Bass Music System for Ho...,936,62% off,4,7
GUGGU DJ Box Wireless Small With Big Sound Metal Shineb...,425,57% off,4,10
Techobucks 3D Rich Bass Multimedia Trolley Disco Light ...,405,66% off,3.3,12
"RZW Bass 20W Bluetooth Speaker With 12Hour Playtime,TF ...",781,77% off,3.5,11
Clairbell NEJ_633G_LZ 4104||WS04|| Karaoke Speaker Wit...,746,46% off,3.6,17
MAK POWER SP350 TWS Bluetooth Speaker for Indoor/Outdo...,607,59% off,5,5
Quaranel U99 G Tower Multimedia Speaker System Remote ...,"2,820",78% off,3.9,61
HZR T20X Party Speaker With Karaoke 120 W Bluetooth To...,"3,787",70% off,4,9
GUGGU Thunder (Bluetooth Speaker with mic) 20W Stereo S...,"1,443",51% off,3.6,34
IMMUTABLE LZ3101 Portable Bluetooth speaker Audio Play...,567,43% off,3.9,42
Soroo Future Bluetooth Speaker Bass Music System for Ho...,936,62% off,4,7
GUGGU DJ Box Wireless Small With Big Sound Metal Shineb...,425,57% off,4,10
Techobucks 3D Rich Bass Multimedia Trolley Disco Light ...,405,66% off,3.3,12
"RZW Bass 20W Bluetooth Speaker With 12Hour Playtime,TF ...",781,77% off,3.5,11
Clairbell NEJ_633G_LZ 4104||WS04|| Karaoke Speaker Wit...,746,46% off,3.6,17
MAK POWER SP350 TWS Bluetooth Speaker for Indoor/Outdo...,607,59% off,5,5
Quaranel U99 G Tower Multimedia Speaker System Remote ...,"2,820",78% off,3.9,61
HZR T20X Party Speaker With Karaoke 120 W Bluetooth To...,"3,787",70% off,4,9
GUGGU Thunder (Bluetooth Speaker with mic) 20W Stereo S...,"1,443",51% off,3.6,34
IMMUTABLE LZ3101 Portable Bluetooth speaker Audio Play...,567,43% off,3.9,42
Soroo Future Bluetooth Speaker Bass Music System for Ho...,936,62% off,4,7
GUGGU DJ Box Wireless Small With Big Sound Metal Shineb...,425,57% off,4,10
Techobucks 3D Rich Bass Multimedia Trolley Disco Light ...,405,66% off,3.3,12
"RZW Bass 20W Bluetooth Speaker With 12Hour Playtime,TF ...",781,77% off,3.5,11
Clairbell NEJ_633G_LZ 4104||WS04|| Karaoke Speaker Wit...,746,46% off,3.6,17
MAK POWER SP350 TWS Bluetooth Speaker for Indoor/Outdo...,607,59% off,5,5
Quaranel U99 G Tower Multimedia Speaker System Remote ...,"2,820",78% off,3.9,61
HZR T20X Party Speaker With Karaoke 120 W Bluetooth To...,"3,787",70% off,4,9
GUGGU Thunder (Bluetooth Speaker with mic) 20W Stereo S...,"1,443",51% off,3.6,34
IMMUTABLE LZ3101 Portable Bluetooth speaker Audio Play...,567,43% off,3.9,42
Soroo Future Bluetooth Speaker Bass Music System for Ho...,936,62% off,4,7
GUGGU DJ Box Wireless Small With Big Sound Metal Shineb...,425,57% off,4,10
Techobucks 3D Rich Bass Multimedia Trolley Disco Light ...,405,66% off,3.3,12
"RZW Bass 20W Bluetooth Speaker With 12Hour Playtime,TF ...",781,77% off,3.5,11
Clairbell NEJ_633G_LZ 4104||WS04|| Karaoke Speaker Wit...,746,46% off,3.6,17
MAK POWER SP350 TWS Bluetooth Speaker for Indoor/Outdo...,607,59% off,5,5
Quaranel U99 G Tower Multimedia Speaker System Remote ...,"2,820",78% off,3.9,61
HZR T20X Party Speaker With Karaoke 120 W Bluetooth To...,"3,787",70% off,4,9
GUGGU Thunder (Bluetooth Speaker with mic) 20W Stereo S...,"1,443",51% off,3.6,34
IMMUTABLE LZ3101 Portable Bluetooth speaker Audio Play...,567,43% off,3.9,42
Soroo Future Bluetooth Speaker Bass Music System for Ho...,936,62% off,4,7
GUGGU DJ Box Wireless Small With Big Sound Metal Shineb...,425,57% off,4,10
Techobucks 3D Rich Bass Multimedia Trolley Disco Light ...,405,66% off,3.3,12
"RZW Bass 20W Bluetooth Speaker With 12Hour Playtime,TF ...",781,77% off,3.5,11
Clairbell NEJ_633G_LZ 4104||WS04|| Karaoke Speaker Wit...,746,46% off,3.6,17
MAK POWER SP350 TWS Bluetooth Speaker for Indoor/Outdo...,607,59% off,5,5
Quaranel U99 G Tower Multimedia Speaker System Remote ...,"2,820",78% off,3.9,61
HZR T20X Party Speaker With Karaoke 120 W Bluetooth To...,"3,787",70% off,4,9
GUGGU Thunder (Bluetooth Speaker with mic) 20W Stereo S...,"1,443",51% off,3.6,34
IMMUTABLE LZ3101 Portable Bluetooth speaker Audio Play...,567,43% off,3.9,42
Soroo Future Bluetooth Speaker Bass Music System for Ho...,936,62% off,4,7
GUGGU DJ Box Wireless Small With Big Sound Metal Shineb...,425,57% off,4,10
Techobucks 3D Rich Bass Multimedia Trolley Disco Light ...,405,66% off,3.3,12
"RZW Bass 20W Bluetooth Speaker With 12Hour Playtime,TF ...",781,77% off,3.5,11
Clairbell NEJ_633G_LZ 4104||WS04|| Karaoke Speaker Wit...,746,46% off,3.6,17
MAK POWER SP350 TWS Bluetooth Speaker for Indoor/Outdo...,607,59% off,5,5
Quaranel U99 G Tower Multimedia Speaker System Remote ...,"2,820",78% off,3.9,61
HZR T20X Party Speaker With Karaoke 120 W Bluetooth To...,"3,787",70% off,4,9
GUGGU Thunder (Bluetooth Speaker with mic) 20W Stereo S...,"1,443",51% off,3.6,34
IMMUTABLE LZ3101 Portable Bluetooth speaker Audio Play...,567,43% off,3.9,42
Soroo Future Bluetooth Speaker Bass Music System for Ho...,936,62% off,4,7
GUGGU DJ Box Wireless Small With Big Sound Metal Shineb...,425,57% off,4,10
Techobucks 3D Rich Bass Multimedia Trolley Disco Light ...,405,66% off,3.3,12
"RZW Bass 20W Bluetooth Speaker With 12Hour Playtime,TF ...",781,77% off,3.5,11
Clairbell NEJ_633G_LZ 4104||WS04|| Karaoke Speaker Wit...,746,46% off,3.6,17
MAK POWER SP350 TWS Bluetooth Speaker for Indoor/Outdo...,607,59% off,5,5
Quaranel U99 G Tower Multimedia Speaker System Remote ...,"2,820",78% off,3.9,61
HZR T20X Party Speaker With Karaoke 120 W Bluetooth To...,"3,787",70% off,4,9
GUGGU Thunder (Bluetooth Speaker with mic) 20W Stereo S...,"1,443",51% off,3.6,34
IMMUTABLE LZ3101 Portable Bluetooth speaker Audio Play...,567,43% off,3.9,42
Soroo Future Bluetooth Speaker Bass Music System for Ho...,936,62% off,4,7
GUGGU DJ Box Wireless Small With Big Sound Metal Shineb...,425,57% off,4,10
Techobucks 3D Rich Bass Multimedia Trolley Disco Light ...,405,66% off,3.3,12
"RZW Bass 20W Bluetooth Speaker With 12Hour Playtime,TF ...",781,77% off,3.5,11
Clairbell NEJ_633G_LZ 4104||WS04|| Karaoke Speaker Wit...,746,46% off,3.6,17
MAK POWER SP350 TWS Bluetooth Speaker for Indoor/Outdo...,607,59% off,5,5
Quaranel U99 G Tower Multimedia Speaker System Remote ...,"2,820",78% off,3.9,61
HZR T20X Party Speaker With Karaoke 120 W Bluetooth To...,"3,787",70% off,4,9
GUGGU Thunder (Bluetooth Speaker with mic) 20W Stereo S...,"1,443",51% off,3.6,34
IMMUTABLE LZ3101 Portable Bluetooth speaker Audio Play...,567,43% off,3.9,42
Soroo Future Bluetooth Speaker Bass Music System for Ho...,936,62% off,4,7
GUGGU DJ Box Wireless Small With Big Sound Metal Shineb...,425,57% off,4,10
Techobucks 3D Rich Bass Multimedia Trolley Disco Light ...,405,66% off,3.3,12
"RZW Bass 20W Bluetooth Speaker With 12Hour Playtime,TF ...",781,77% off,3.5,11
Clairbell NEJ_633G_LZ 4104||WS04|| Karaoke Speaker Wit...,746,46% off,3.6,17
MAK POWER SP350 TWS Bluetooth Speaker for Indoor/Outdo...,607,59% off,5,5
Quaranel U99 G Tower Multimedia Speaker System Remote ...,"2,820",78% off,3.9,61
HZR T20X Party Speaker With Karaoke 120 W Bluetooth To...,"3,787",70% off,4,9
GUGGU Thunder (Bluetooth Speaker with mic) 20W Stereo S...,"1,443",51% off,3.6,34
IMMUTABLE LZ3101 Portable Bluetooth speaker Audio Play...,567,43% off,3.9,42
Soroo Future Bluetooth Speaker Bass Music System for Ho...,936,62% off,4,7
GUGGU DJ Box Wireless Small With Big Sound Metal Shineb...,425,57% off,4,10
Techobucks 3D Rich Bass Multimedia Trolley Disco Light ...,405,66% off,3.3,12
"RZW Bass 20W Bluetooth Speaker With 12Hour Playtime,TF ...",781,77% off,3.5,11
Clairbell NEJ_633G_LZ 4104||WS04|| Karaoke Speaker Wit...,746,46% off,3.6,17
MAK POWER SP350 TWS Bluetooth Speaker for Indoor/Outdo...,607,59% off,5,5
Quaranel U99 G Tower Multimedia Speaker System Remote ...,"2,820",78% off,3.9,61
HZR T20X Party Speaker With Karaoke 120 W Bluetooth To...,"3,787",70% off,4,9
GUGGU Thunder (Bluetooth Speaker with mic) 20W Stereo S...,"1,443",51% off,3.6,34
IMMUTABLE LZ3101 Portable Bluetooth speaker Audio Play...,567,43% off,3.9,42
Soroo Future Bluetooth Speaker Bass Music System for Ho...,936,62% off,4,7
GUGGU DJ Box Wireless Small With Big Sound Metal Shineb...,425,57% off,4,10
Techobucks 3D Rich Bass Multimedia Trolley Disco Light ...,405,66% off,3.3,12
"RZW Bass 20W Bluetooth Speaker With 12Hour Playtime,TF ...",781,77% off,3.5,11
Clairbell NEJ_633G_LZ 4104||WS04|| Karaoke Speaker Wit...,746,46% off,3.6,17
MAK POWER SP350 TWS Bluetooth Speaker for Indoor/Outdo...,607,59% off,5,5
Quaranel U99 G Tower Multimedia Speaker System Remote ...,"2,820",78% off,3.9,61
HZR T20X Party Speaker With Karaoke 120 W Bluetooth To...,"3,787",70% off,4,9
GUGGU Thunder (Bluetooth Speaker with mic) 20W Stereo S...,"1,443",51% off,3.6,34
IMMUTABLE LZ3101 Portable Bluetooth speaker Audio Play...,567,43% off,3.9,42
Soroo Future Bluetooth Speaker Bass Music System for Ho...,936,62% off,4,7
GUGGU DJ Box Wireless Small With Big Sound Metal Shineb...,425,57% off,4,10
Techobucks 3D Rich Bass Multimedia Trolley Disco Light ...,405,66% off,3.3,12
"RZW Bass 20W Bluetooth Speaker With 12Hour Playtime,TF ...",781,77% off,3.5,11
Clairbell NEJ_633G_LZ 4104||WS04|| Karaoke Speaker Wit...,746,46% off,3.6,17
MAK POWER SP350 TWS Bluetooth Speaker for Indoor/Outdo...,607,59% off,5,5
Quaranel U99 G Tower Multimedia Speaker System Remote ...,"2,820",78% off,3.9,61
HZR T20X Party Speaker With Karaoke 120 W Bluetooth To...,"3,787",70% off,4,9
GUGGU Thunder (Bluetooth Speaker with mic) 20W Stereo S...,"1,443",51% off,3.6,34
IMMUTABLE LZ3101 Portable Bluetooth speaker Audio Play...,567,43% off,3.9,42
Soroo Future Bluetooth Speaker Bass Music System for Ho...,936,62% off,4,7
GUGGU DJ Box Wireless Small With Big Sound Metal Shineb...,425,57% off,4,10
Techobucks 3D Rich Bass Multimedia Trolley Disco Light ...,405,66% off,3.3,12
"RZW Bass 20W Bluetooth Speaker With 12Hour Playtime,TF ...",781,77% off,3.5,11
Clairbell NEJ_633G_LZ 4104||WS04|| Karaoke Speaker Wit...,746,46% off,3.6,17
MAK POWER SP350 TWS Bluetooth Speaker for Indoor/Outdo...,607,59% off,5,5
Quaranel U99 G Tower Multimedia Speaker System Remote ...,"2,820",78% off,3.9,61
HZR T20X Party Speaker With Karaoke 120 W Bluetooth To...,"3,787",70% off,4,9
GUGGU Thunder (Bluetooth Speaker with mic) 20W Stereo S...,"1,443",51% off,3.6,34
IMMUTABLE LZ3101 Portable Bluetooth speaker Audio Play...,567,43% off,3.9,42
Soroo Future Bluetooth Speaker Bass Music System for Ho...,936,62% off,4,7
GUGGU DJ Box Wireless Small With Big Sound Metal Shineb...,425,57% off,4,10
Techobucks 3D Rich Bass Multimedia Trolley Disco Light ...,405,66% off,3.3,12
"RZW Bass 20W Bluetooth Speaker With 12Hour Playtime,TF ...",781,77% off,3.5,11
Clairbell NEJ_633G_LZ 4104||WS04|| Karaoke Speaker Wit...,746,46% off,3.6,17
MAK POWER SP350 TWS Bluetooth Speaker for Indoor/Outdo...,607,59% off,5,5
Quaranel U99 G Tower Multimedia Speaker System Remote ...,"2,820",78% off,3.9,61
HZR T20X Party Speaker With Karaoke 120 W Bluetooth To...,"3,787",70% off,4,9
GUGGU Thunder (Bluetooth Speaker with mic) 20W Stereo S...,"1,443",51% off,3.6,34
IMMUTABLE LZ3101 Portable Bluetooth speaker Audio Play...,567,43% off,3.9,42
Soroo Future Bluetooth Speaker Bass Music System for Ho...,936,62% off,4,7
GUGGU DJ Box Wireless Small With Big Sound Metal Shineb...,425,57% off,4,10
Techobucks 3D Rich Bass Multimedia Trolley Disco Light ...,405,66% off,3.3,12
"RZW Bass 20W Bluetooth Speaker With 12Hour Playtime,TF ...",781,77% off,3.5,11
Clairbell NEJ_633G_LZ 4104||WS04|| Karaoke Speaker Wit...,746,46% off,3.6,17
MAK POWER SP350 TWS Bluetooth Speaker for Indoor/Outdo...,607,59% off,5,5
Quaranel U99 G Tower Multimedia Speaker System Remote ...,"2,820",78% off,3.9,61
HZR T20X Party Speaker With Karaoke 120 W Bluetooth To...,"3,787",70% off,4,9
GUGGU Thunder (Bluetooth Speaker with mic) 20W Stereo S...,"1,443",51% off,3.6,34
IMMUTABLE LZ3101 Portable Bluetooth speaker Audio Play...,567,43% off,3.9,42
Soroo Future Bluetooth Speaker Bass Music System for Ho...,936,62% off,4,7
GUGGU DJ Box Wireless Small With Big Sound Metal Shineb...,425,57% off,4,10
Techobucks 3D Rich Bass Multimedia Trolley Disco Light ...,405,66% off,3.3,12
"RZW Bass 20W Bluetooth Speaker With 12Hour Playtime,TF ...",781,77% off,3.5,11
Clairbell NEJ_633G_LZ 4104||WS04|| Karaoke Speaker Wit...,746,46% off,3.6,17
MAK POWER SP350 TWS Bluetooth Speaker for Indoor/Outdo...,607,59% off,5,5
Quaranel U99 G Tower Multimedia Speaker System Remote ...,"2,820",78% off,3.9,61
HZR T20X Party Speaker With Karaoke 120 W Bluetooth To...,"3,787",70% off,4,9
GUGGU Thunder (Bluetooth Speaker with mic) 20W Stereo S...,"1,443",51% off,3.6,34
IMMUTABLE LZ3101 Portable Bluetooth speaker Audio Play...,567,43% off,3.9,42
Soroo Future Bluetooth Speaker Bass Music System for Ho...,936,62% off,4,7
GUGGU DJ Box Wireless Small With Big Sound Metal Shineb...,425,57% off,4,10
Techobucks 3D Rich Bass Multimedia Trolley Disco Light ...,405,66% off,3.3,12
"RZW Bass 20W Bluetooth Speaker With 12Hour Playtime,TF ...",781,77% off,3.5,11
Clairbell NEJ_633G_LZ 4104||WS04|| Karaoke Speaker Wit...,746,46% off,3.6,17
MAK POWER SP350 TWS Bluetooth Speaker for Indoor/Outdo...,607,59% off,5,5
Quaranel U99 G Tower Multimedia Speaker System Remote ...,"2,820",78% off,3.9,61
HZR T20X Party Speaker With Karaoke 120 W Bluetooth To...,"3,787",70% off,4,9
GUGGU Thunder (Bluetooth Speaker with mic) 20W Stereo S...,"1,443",51% off,3.6,34
IMMUTABLE LZ3101 Portable Bluetooth speaker Audio Play...,567,43% off,3.9,42
Soroo Future Bluetooth Speaker Bass Music System for Ho...,936,62% off,4,7
GUGGU DJ Box Wireless Small With Big Sound Metal Shineb...,425,57% off,4,10
Techobucks 3D Rich Bass Multimedia Trolley Disco Light ...,405,66% off,3.3,12
"RZW Bass 20W Bluetooth Speaker With 12Hour Playtime,TF ...",781,77% off,3.5,11
Clairbell NEJ_633G_LZ 4104||WS04|| Karaoke Speaker Wit...,746,46% off,3.6,17
MAK POWER SP350 TWS Bluetooth Speaker for Indoor/Outdo...,607,59% off,5,5
Quaranel U99 G Tower Multimedia Speaker System Remote ...,"2,820",78% off,3.9,61
HZR T20X Party Speaker With Karaoke 120 W Bluetooth To...,"3,787",70% off,4,9
GUGGU Thunder (Bluetooth Speaker with mic) 20W Stereo S...,"1,443",51% off,3.6,34
IMMUTABLE LZ3101 Portable Bluetooth speaker Audio Play...,567,43% off,3.9,42
Soroo Future Bluetooth Speaker Bass Music System for Ho...,936,62% off,4,7
GUGGU DJ Box Wireless Small With Big Sound Metal Shineb...,425,57% off,4,10
Techobucks 3D Rich Bass Multimedia Trolley Disco Light ...,405,66% off,3.3,12
"RZW Bass 20W Bluetooth Speaker With 12Hour Playtime,TF ...",781,77% off,3.5,11
Clairbell NEJ_633G_LZ 4104||WS04|| Karaoke Speaker Wit...,746,46% off,3.6,17
MAK POWER SP350 TWS Bluetooth Speaker for Indoor/Outdo...,607,59% off,5,5
Quaranel U99 G Tower Multimedia Speaker System Remote ...,"2,820",78% off,3.9,61
HZR T20X Party Speaker With Karaoke 120 W Bluetooth To...,"3,787",70% off,4,9
GUGGU Thunder (Bluetooth Speaker with mic) 20W Stereo S...,"1,443",51% off,3.6,34
IMMUTABLE LZ3101 Portable Bluetooth speaker Audio Play...,567,43% off,3.9,42
Soroo Future Bluetooth Speaker Bass Music System for Ho...,936,62% off,4,7
GUGGU DJ Box Wireless Small With Big Sound Metal Shineb...,425,57% off,4,10
Techobucks 3D Rich Bass Multimedia Trolley Disco Light ...,405,66% off,3.3,12
"RZW Bass 20W Bluetooth Speaker With 12Hour Playtime,TF ...",781,77% off,3.5,11
Clairbell NEJ_633G_LZ 4104||WS04|| Karaoke Speaker Wit...,746,46% off,3.6,17
MAK POWER SP350 TWS Bluetooth Speaker for Indoor/Outdo...,607,59% off,5,5
Quaranel U99 G Tower Multimedia Speaker System Remote ...,"2,820",78% off,3.9,61
HZR T20X Party Speaker With Karaoke 120 W Bluetooth To...,"3,787",70% off,4,9
GUGGU Thunder (Bluetooth Speaker with mic) 20W Stereo S...,"1,443",51% off,3.6,34
IMMUTABLE LZ3101 Portable Bluetooth speaker Audio Play...,567,43% off,3.9,42
Soroo Future Bluetooth Speaker Bass Music System for Ho...,936,62% off,4,7
GUGGU DJ Box Wireless Small With Big Sound Metal Shineb...,425,57% off,4,10
Techobucks 3D Rich Bass Multimedia Trolley Disco Light ...,405,66% off,3.3,12
"RZW Bass 20W Bluetooth Speaker With 12Hour Playtime,TF ...",781,77% off,3.5,11
Clairbell NEJ_633G_LZ 4104||WS04|| Karaoke Speaker Wit...,746,46% off,3.6,17
MAK POWER SP350 TWS Bluetooth Speaker for Indoor/Outdo...,607,59% off,5,5
Quaranel U99 G Tower Multimedia Speaker System Remote ...,"2,820",78% off,3.9,61
HZR T20X Party Speaker With Karaoke 120 W Bluetooth To...,"3,787",70% off,4,9
GUGGU Thunder (Bluetooth Speaker with mic) 20W Stereo S...,"1,443",51% off,3.6,34
IMMUTABLE LZ3101 Portable Bluetooth speaker Audio Play...,567,43% off,3.9,42
Soroo Future Bluetooth Speaker Bass Music System for Ho...,936,62% off,4,7
GUGGU DJ Box Wireless Small With Big Sound Metal Shineb...,425,57% off,4,10
Techobucks 3D Rich Bass Multimedia Trolley Disco Light ...,405,66% off,3.3,12
"RZW Bass 20W Bluetooth Speaker With 12Hour Playtime,TF ...",781,77% off,3.5,11
Clairbell NEJ_633G_LZ 4104||WS04|| Karaoke Speaker Wit...,746,46% off,3.6,17
MAK POWER SP350 TWS Bluetooth Speaker for Indoor/Outdo...,607,59% off,5,5
Quaranel U99 G Tower Multimedia Speaker System Remote ...,"2,820",78% off,3.9,61
HZR T20X Party Speaker With Karaoke 120 W Bluetooth To...,"3,787",70% off,4,9
GUGGU Thunder (Bluetooth Speaker with mic) 20W Stereo S...,"1,443",51% off,3.6,34
IMMUTABLE LZ3101 Portable Bluetooth speaker Audio Play...,567,43% off,3.9,42
Soroo Future Bluetooth Speaker Bass Music System for Ho...,936,62% off,4,7
GUGGU DJ Box Wireless Small With Big Sound Metal Shineb...,425,57% off,4,10
Techobucks 3D Rich Bass Multimedia Trolley Disco Light ...,405,66% off,3.3,12
"RZW Bass 20W Bluetooth Speaker With 12Hour Playtime,TF ...",781,77% off,3.5,11
Clairbell NEJ_633G_LZ 4104||WS04|| Karaoke Speaker Wit...,746,46% off,3.6,17
MAK POWER SP350 TWS Bluetooth Speaker for Indoor/Outdo...,607,59% off,5,5
Quaranel U99 G Tower Multimedia Speaker System Remote ...,"2,820",78% off,3.9,61
HZR T20X Party Speaker With Karaoke 120 W Bluetooth To...,"3,787",70% off,4,9
GUGGU Thunder (Bluetooth Speaker with mic) 20W Stereo S...,"1,443",51% off,3.6,34
IMMUTABLE LZ3101 Portable Bluetooth speaker Audio Play...,567,43% off,3.9,42
Soroo Future Bluetooth Speaker Bass Music System for Ho...,936,62% off,4,7
GUGGU DJ Box Wireless Small With Big Sound Metal Shineb...,425,57% off,4,10
Techobucks 3D Rich Bass Multimedia Trolley Disco Light ...,405,66% off,3.3,12
"RZW Bass 20W Bluetooth Speaker With 12Hour Playtime,TF ...",781,77% off,3.5,11
Clairbell NEJ_633G_LZ 4104||WS04|| Karaoke Speaker Wit...,746,46% off,3.6,17
MAK POWER SP350 TWS Bluetooth Speaker for Indoor/Outdo...,607,59% off,5,5
Quaranel U99 G Tower Multimedia Speaker System Remote ...,"2,820",78% off,3.9,61
HZR T20X Party Speaker With Karaoke 120 W Bluetooth To...,"3,787",70% off,4,9
GUGGU Thunder (Bluetooth Speaker with mic) 20W Stereo S...,"1,443",51% off,3.6,34
IMMUTABLE LZ3101 Portable Bluetooth speaker Audio Play...,567,43% off,3.9,42
Soroo Future Bluetooth Speaker Bass Music System for Ho...,936,62% off,4,7
GUGGU DJ Box Wireless Small With Big Sound Metal Shineb...,425,57% off,4,10
Techobucks 3D Rich Bass Multimedia Trolley Disco Light ...,405,66% off,3.3,12
"RZW Bass 20W Bluetooth Speaker With 12Hour Playtime,TF ...",781,77% off,3.5,11
Clairbell NEJ_633G_LZ 4104||WS04|| Karaoke Speaker Wit...,746,46% off,3.6,17
MAK POWER SP350 TWS Bluetooth Speaker for Indoor/Outdo...,607,59% off,5,5
Quaranel U99 G Tower Multimedia Speaker System Remote ...,"2,820",78% off,3.9,61
HZR T20X Party Speaker With Karaoke 120 W Bluetooth To...,"3,787",70% off,4,9
GUGGU Thunder (Bluetooth Speaker with mic) 20W Stereo S...,"1,443",51% off,3.6,34
IMMUTABLE LZ3101 Portable Bluetooth speaker Audio Play...,567,43% off,3.9,42
Soroo Future Bluetooth Speaker Bass Music System for Ho...,936,62% off,4,7
GUGGU DJ Box Wireless Small With Big Sound Metal Shineb...,425,57% off,4,10
Techobucks 3D Rich Bass Multimedia Trolley Disco Light ...,405,66% off,3.3,12
"RZW Bass 20W Bluetooth Speaker With 12Hour Playtime,TF ...",781,77% off,3.5,11
Clairbell NEJ_633G_LZ 4104||WS04|| Karaoke Speaker Wit...,746,46% off,3.6,17
MAK POWER SP350 TWS Bluetooth Speaker for Indoor/Outdo...,607,59% off,5,5
Quaranel U99 G Tower Multimedia Speaker System Remote ...,"2,820",78% off,3.9,61
HZR T20X Party Speaker With Karaoke 120 W Bluetooth To...,"3,787",70% off,4,9
GUGGU Thunder (Bluetooth Speaker with mic) 20W Stereo S...,"1,443",51% off,3.6,34
IMMUTABLE LZ3101 Portable Bluetooth speaker Audio Play...,567,43% off,3.9,42
Soroo Future Bluetooth Speaker Bass Music System for Ho...,936,62% off,4,7
GUGGU DJ Box Wireless Small With Big Sound Metal Shineb...,425,57% off,4,10
Techobucks 3D Rich Bass Multimedia Trolley Disco Light ...,405,66% off,3.3,12
"RZW Bass 20W Bluetooth Speaker With 12Hour Playtime,TF ...",781,77% off,3.5,11
Clairbell NEJ_633G_LZ 4104||WS04|| Karaoke Speaker Wit...,746,46% off,3.6,17
MAK POWER SP350 TWS Bluetooth Speaker for Indoor/Outdo...,607,59% off,5,5
Quaranel U99 G Tower Multimedia Speaker System Remote ...,"2,820",78% off,3.9,61
HZR T20X Party Speaker With Karaoke 120 W Bluetooth To...,"3,787",70% off,4,9
GUGGU Thunder (Bluetooth Speaker with mic) 20W Stereo S...,"1,443",51% off,3.6,34
IMMUTABLE LZ3101 Portable Bluetooth speaker Audio Play...,567,43% off,3.9,42
Soroo Future Bluetooth Speaker Bass Music System for Ho...,936,62% off,4,7
GUGGU DJ Box Wireless Small With Big Sound Metal Shineb...,425,57% off,4,10
Techobucks 3D Rich Bass Multimedia Trolley Disco Light ...,405,66% off,3.3,12
"RZW Bass 20W Bluetooth Speaker With 12Hour Playtime,TF ...",781,77% off,3.5,11
Clairbell NEJ_633G_LZ 4104||WS04|| Karaoke Speaker Wit...,746,46% off,3.6,17
MAK POWER SP350 TWS Bluetooth Speaker for Indoor/Outdo...,607,59% off,5,5
Quaranel U99 G Tower Multimedia Speaker System Remote ...,"2,820",78% off,3.9,61
HZR T20X Party Speaker With Karaoke 120 W Bluetooth To...,"3,787",70% off,4,9
GUGGU Thunder (Bluetooth Speaker with mic) 20W Stereo S...,"1,443",51% off,3.6,34
IMMUTABLE LZ3101 Portable Bluetooth speaker Audio Play...,567,43% off,3.9,42
Soroo Future Bluetooth Speaker Bass Music System for Ho...,936,62% off,4,7
GUGGU DJ Box Wireless Small With Big Sound Metal Shineb...,425,57% off,4,10
Techobucks 3D Rich Bass Multimedia Trolley Disco Light ...,405,66% off,3.3,12
"RZW Bass 20W Bluetooth Speaker With 12Hour Playtime,TF ...",781,77% off,3.5,11
Clairbell NEJ_633G_LZ 4104||WS04|| Karaoke Speaker Wit...,746,46% off,3.6,17
MAK POWER SP350 TWS Bluetooth Speaker for Indoor/Outdo...,607,59% off,5,5
Quaranel U99 G Tower Multimedia Speaker System Remote ...,"2,820",78% off,3.9,61
HZR T20X Party Speaker With Karaoke 120 W Bluetooth To...,"3,787",70% off,4,9
GUGGU Thunder (Bluetooth Speaker with mic) 20W Stereo S...,"1,443",51% off,3.6,34
IMMUTABLE LZ3101 Portable Bluetooth speaker Audio Play...,567,43% off,3.9,42
Soroo Future Bluetooth Speaker Bass Music System for Ho...,936,62% off,4,7
GUGGU DJ Box Wireless Small With Big Sound Metal Shineb...,425,57% off,4,10
Techobucks 3D Rich Bass Multimedia Trolley Disco Light ...,405,66% off,3.3,12
"RZW Bass 20W Bluetooth Speaker With 12Hour Playtime,TF ...",781,77% off,3.5,11
Clairbell NEJ_633G_LZ 4104||WS04|| Karaoke Speaker Wit...,746,46% off,3.6,17
MAK POWER SP350 TWS Bluetooth Speaker for Indoor/Outdo...,607,59% off,5,5
Quaranel U99 G Tower Multimedia Speaker System Remote ...,"2,820",78% off,3.9,61
HZR T20X Party Speaker With Karaoke 120 W Bluetooth To...,"3,787",70% off,4,9
GUGGU Thunder (Bluetooth Speaker with mic) 20W Stereo S...,"1,443",51% off,3.6,34
IMMUTABLE LZ3101 Portable Bluetooth speaker Audio Play...,567,43% off,3.9,42
Soroo Future Bluetooth Speaker Bass Music System for Ho...,936,62% off,4,7
GUGGU DJ Box Wireless Small With Big Sound Metal Shineb...,425,57% off,4,10
Techobucks 3D Rich Bass Multimedia Trolley Disco Light ...,405,66% off,3.3,12
"RZW Bass 20W Bluetooth Speaker With 12Hour Playtime,TF ...",781,77% off,3.5,11
Clairbell NEJ_633G_LZ 4104||WS04|| Karaoke Speaker Wit...,746,46% off,3.6,17
MAK POWER SP350 TWS Bluetooth Speaker for Indoor/Outdo...,607,59% off,5,5
Quaranel U99 G Tower Multimedia Speaker System Remote ...,"2,820",78% off,3.9,61
HZR T20X Party Speaker With Karaoke 120 W Bluetooth To...,"3,787",70% off,4,9
GUGGU Thunder (Bluetooth Speaker with mic) 20W Stereo S...,"1,443",51% off,3.6,34
IMMUTABLE LZ3101 Portable Bluetooth speaker Audio Play...,567,43% off,3.9,42
Soroo Future Bluetooth Speaker Bass Music System for Ho...,936,62% off,4,7
GUGGU DJ Box Wireless Small With Big Sound Metal Shineb...,425,57% off,4,10
Techobucks 3D Rich Bass Multimedia Trolley Disco Light ...,405,66% off,3.3,12
"RZW Bass 20W Bluetooth Speaker With 12Hour Playtime,TF ...",781,77% off,3.5,11
Clairbell NEJ_633G_LZ 4104||WS04|| Karaoke Speaker Wit...,746,46% off,3.6,17
MAK POWER SP350 TWS Bluetooth Speaker for Indoor/Outdo...,607,59% off,5,5
Quaranel U99 G Tower Multimedia Speaker System Remote ...,"2,820",78% off,3.9,61
HZR T20X Party Speaker With Karaoke 120 W Bluetooth To...,"3,787",70% off,4,9
GUGGU Thunder (Bluetooth Speaker with mic) 20W Stereo S...,"1,443",51% off,3.6,34
IMMUTABLE LZ3101 Portable Bluetooth speaker Audio Play...,567,43% off,3.9,42
Soroo Future Bluetooth Speaker Bass Music System for Ho...,936,62% off,4,7
GUGGU DJ Box Wireless Small With Big Sound Metal Shineb...,425,57% off,4,10
Techobucks 3D Rich Bass Multimedia Trolley Disco Light ...,405,66% off,3.3,12
"RZW Bass 20W Bluetooth Speaker With 12Hour Playtime,TF ...",781,77% off,3.5,11
Clairbell NEJ_633G_LZ 4104||WS04|| Karaoke Speaker Wit...,746,46% off,3.6,17
MAK POWER SP350 TWS Bluetooth Speaker for Indoor/Outdo...,607,59% off,5,5
Quaranel U99 G Tower Multimedia Speaker System Remote ...,"2,820",78% off,3.9,61
HZR T20X Party Speaker With Karaoke 120 W Bluetooth To...,"3,787",70% off,4,9
GUGGU Thunder (Bluetooth Speaker with mic) 20W Stereo S...,"1,443",51% off,3.6,34
IMMUTABLE LZ3101 Portable Bluetooth speaker Audio Play...,567,43% off,3.9,42
Soroo Future Bluetooth Speaker Bass Music System for Ho...,936,62% off,4,7
GUGGU DJ Box Wireless Small With Big Sound Metal Shineb...,425,57% off,4,10
Techobucks 3D Rich Bass Multimedia Trolley Disco Light ...,405,66% off,3.3,12
"RZW Bass 20W Bluetooth Speaker With 12Hour Playtime,TF ...",781,77% off,3.5,11
Clairbell NEJ_633G_LZ 4104||WS04|| Karaoke Speaker Wit...,746,46% off,3.6,17
MAK POWER SP350 TWS Bluetooth Speaker for Indoor/Outdo...,607,59% off,5,5
Quaranel U99 G Tower Multimedia Speaker System Remote ...,"2,820",78% off,3.9,61
HZR T20X Party Speaker With Karaoke 120 W Bluetooth To...,"3,787",70% off,4,9
GUGGU Thunder (Bluetooth Speaker with mic) 20W Stereo S...,"1,443",51% off,3.6,34
IMMUTABLE LZ3101 Portable Bluetooth speaker Audio Play...,567,43% off,3.9,42
Soroo Future Bluetooth Speaker Bass Music System for Ho...,936,62% off,4,7
GUGGU DJ Box Wireless Small With Big Sound Metal Shineb...,425,57% off,4,10
Techobucks 3D Rich Bass Multimedia Trolley Disco Light ...,405,66% off,3.3,12
"RZW Bass 20W Bluetooth Speaker With 12Hour Playtime,TF ...",781,77% off,3.5,11
Clairbell NEJ_633G_LZ 4104||WS04|| Karaoke Speaker Wit...,746,46% off,3.6,17
MAK POWER SP350 TWS Bluetooth Speaker for Indoor/Outdo...,607,59% off,5,5
Quaranel U99 G Tower Multimedia Speaker System Remote ...,"2,820",78% off,3.9,61
HZR T20X Party Speaker With Karaoke 120 W Bluetooth To...,"3,787",70% off,4,9
GUGGU Thunder (Bluetooth Speaker with mic) 20W Stereo S...,"1,443",51% off,3.6,34
IMMUTABLE LZ3101 Portable Bluetooth speaker Audio Play...,567,43% off,3.9,42
Soroo Future Bluetooth Speaker Bass Music System for Ho...,936,62% off,4,7
GUGGU DJ Box Wireless Small With Big Sound Metal Shineb...,425,57% off,4,10
Techobucks 3D Rich Bass Multimedia Trolley Disco Light ...,405,66% off,3.3,12
"RZW Bass 20W Bluetooth Speaker With 12Hour Playtime,TF ...",781,77% off,3.5,11
Clairbell NEJ_633G_LZ 4104||WS04|| Karaoke Speaker Wit...,746,46% off,3.6,17
MAK POWER SP350 TWS Bluetooth Speaker for Indoor/Outdo...,607,59% off,5,5
Quaranel U99 G Tower Multimedia Speaker System Remote ...,"2,820",78% off,3.9,61
HZR T20X Party Speaker With Karaoke 120 W Bluetooth To...,"3,787",70% off,4,9
GUGGU Thunder (Bluetooth Speaker with mic) 20W Stereo S...,"1,443",51% off,3.6,34
IMMUTABLE LZ3101 Portable Bluetooth speaker Audio Play...,567,43% off,3.9,42
Soroo Future Bluetooth Speaker Bass Music System for Ho...,936,62% off,4,7
GUGGU DJ Box Wireless Small With Big Sound Metal Shineb...,425,57% off,4,10
Techobucks 3D Rich Bass Multimedia Trolley Disco Light ...,405,66% off,3.3,12
"RZW Bass 20W Bluetooth Speaker With 12Hour Playtime,TF ...",781,77% off,3.5,11
Clairbell NEJ_633G_LZ 4104||WS04|| Karaoke Speaker Wit...,746,46% off,3.6,17
MAK POWER SP350 TWS Bluetooth Speaker for Indoor/Outdo...,607,59% off,5,5
